cod_istat,cod_catastale
001001,A074
001002,A109
001003,A117
001004,A157
001006,A218
001007,A221
001008,A222
001009,A275
001010,A282
001011,A295
001012,A405
001013,A518
001014,A525
001015,A584
001016,A587
001017,A590
001018,A591
001019,A599
001020,A607
001021,A625
001022,A651
001023,A673
001024,A734
001025,A853
001026,A910
001027,A941
001028,A990
001029,B003
001030,B015
001031,B021
001032,B024
001033,B075
001034,B121
001035,B171
001036,B205
001037,B209
001038,B216
001039,B225
001040,B232
001041,B278
001042,B279
001043,B284
001044,B297
001045,B305
001046,B350
001047,B435
001048,B462
001049,B512
001050,B588
001051,B592
001052,B605
001053,B628
001054,B637
001055,B705
001056,B733
001057,B762
001058,B777
001059,B791
001060,B867
001061,B953
001062,B955
001063,B960
001064,C045
001065,C048
001066,C133
001067,C241
001068,C307
001069,C369
001070,C404
001071,C487
001072,C497
001073,C505
001074,C564
001075,C604
001076,C610
001077,C624
001078,C627
001079,C629
001080,C639
001081,C655
001082,C665
001083,C679
001084,C711
001085,C715
001086,C722
001087,C793
001088,C801
001089,C803
001090,C860
001091,C867
001092,C868
001093,C955
001094,D008
001095,D092
001096,D197
001097,D202
001098,D208
001099,D373
001100,D433
001101,D520
001102,D524
001103,D532
001104,D562
001105,D608
001106,D646
001107,D725
001108,D781
001109,D805
001110,D812
001111,D931
001112,D933
001113,D983
001114,E009
001115,E020
001116,E067
001117,E154
001118,E199
001119,E203
001120,E216
001121,E301
001122,E311
001123,E345
001124,E368
001125,E379
001126,E394
001127,E423
001128,E445
001129,E484
001130,E518
001131,E520
001132,E551
001133,E566
001134,E635
001135,E660
001136,E661
001137,E683
001139,E758
001140,E759
001141,E763
001142,E782
001143,E817
001144,E941
001145,F041
001146,F053
001147,F058
001148,F067
001149,F074
001150,F140
001152,F182
001153,F315
001154,F318
001155,F327
001156,F335
001157,D553
001158,F407
001159,F411
001160,F420
001161,F422
001162,F651
001163,F733
001164,F889
001165,F906
001166,F925
001167,F927
001168,F931
001169,F948
001170,G010
001171,G087
001172,G109
001173,G151
001174,G152
001175,G196
001176,G202
001177,G262
001178,G303
001179,G330
001180,G387
001181,G392
001183,G398
001184,G463
001185,G462
001186,G465
001187,G477
001188,G505
001189,G559
001190,G672
001191,G674
001192,G678
001193,G684
001194,G691
001195,G705
001196,G719
001197,G777
001198,G805
001199,G826
001200,G900
001201,G973
001202,G978
001203,G979
001204,G982
001205,G986
001206,G988
001207,G997
001208,H100
001209,H120
001210,H127
001211,H207
001212,H270
001213,H333
001214,H335
001215,H337
001216,H338
001217,H340
001218,H344
001219,H355
001220,H367
001221,H386
001222,H498
001223,H511
001224,H539
001225,H547
001226,H554
001227,H555
001228,H583
001229,H627
001230,H631
001231,H691
001232,H684
001233,H702
001234,H734
001235,H753
001236,H775
001237,H789
001238,H804
001239,H820
001240,H847
001241,H855
001242,H862
001243,H873
001244,H890
001245,H900
001246,H936
001247,H997
001248,I024
001249,I030
001250,I090
001251,I126
001252,I137
001253,I152
001254,I154
001255,I258
001256,I296
001257,I327
001258,I465
001259,I466
001260,I490
001261,I511
001262,I539
001263,I692
001264,I701
001265,I703
001266,I702
001267,I886
001268,I969
001269,I970
001270,L013
001271,L066
001272,L219
001273,L238
001274,L247
001275,L277
001276,L327
001278,L345
001279,L340
001280,L445
001281,L515
001282,L516
001283,L538
001284,L555
001285,L578
001286,L629
001287,L644
001288,B510
001289,L685
001290,L698
001291,L726
001292,L727
001293,L779
001294,L787
001295,L811
001296,L830
001298,L857
001299,L898
001300,L948
001301,L982
001302,M002
001303,L999
001304,M004
001305,M007
001306,M013
001307,M014
001308,M027
001309,M060
001310,M069
001311,M071
001312,M080
001313,M094
001314,M122
001315,M133
001316,M316
001317,M405
001318,M415
002002,A119
002003,A130
002004,A198
002006,A358
002007,A466
002008,A600
002009,A601
002011,A847
002014,A914
002015,B009
002016,B041
002017,B046
002021,B280
002025,B505
002029,B752
002030,B767
002031,B768
002032,B782
002033,B928
002035,B952
002041,C548
002042,C680
002043,C757
002045,C884
002047,D113
002048,D132
002049,D154
002052,D187
002054,D281
002057,D641
002058,D676
002059,D712
002061,D938
002062,E007
002065,E163
002066,E237
002067,E433
002068,E528
002070,E583
002071,E626
002072,E711
002078,F297
002079,F342
002082,F774
002088,G016
002089,G018
002090,G266
002091,G471
002093,G528
002096,G666
002097,G685
002102,G940
002104,G985
002107,H108
002108,H132
002110,H188
002113,H293
002115,H346
002116,H365
002118,H549
002121,H577
002122,H364
002126,H690
002127,H707
002128,H725
002131,H861
002133,I337
002134,I544
002135,I545
002137,I663
002142,I984
002147,L420
002148,L429
002150,L451
002152,L566
002156,L669
002158,L750
002163,M003
002164,M028
002166,M106
002170,M389
002171,M398
003001,A088
003002,A264
003006,A414
003008,A429
003012,A653
003016,A752
003018,A844
003019,A911
003021,A929
003022,A953
003023,B016
003024,B019
003025,B043
003026,B176
003027,B183
003030,B431
003032,B473
003036,B823
003037,B864
003039,B883
003040,B897
003041,B920
003042,C149
003043,C166
003044,C364
003045,C365
003047,C378
003049,C483
003051,C829
003052,C926
003055,D162
003058,D216
003060,D309
003062,D347
003065,D492
003066,D675
003068,D872
003069,D911
003070,D921
003073,E001
003076,E120
003077,E143
003079,E177
003082,E314
003083,E436
003084,E544
003088,E803
003090,E880
003091,E907
003093,F047
003095,F093
003097,F188
003098,F191
003100,F317
003103,F859
003104,F886
003106,F952
003108,G019
003109,G020
003112,G134
003114,G349
003115,G421
003116,G520
003119,G703
003120,G775
003121,G809
003122,H001
003129,H213
003130,H502
003131,H518
003133,I025
003134,I052
003135,I116
003138,I736
003139,I767
003140,I857
003141,I880
003143,L007
003144,L104
003146,L223
003149,L356
003153,L668
003154,L670
003158,L808
003159,L847
003164,M062
003166,M416
004001,A016
004002,A113
004003,A124
004004,A139
004005,A238
004006,A394
004007,A396
004008,A555
004009,A571
004010,A589
004011,A629
004012,A660
004013,A671
004014,A709
004015,A716
004016,A735
004017,A750
004018,A774
004019,A779
004020,A782
004021,A798
004022,A805
004023,A979
004024,B018
004025,B033
004026,B079
004027,B084
004028,B101
004029,B111
004030,B167
004031,B175
004032,B200
004033,B204
004034,B285
004035,B467
004037,B573
004038,B621
004039,B692
004040,B719
004041,B720
004042,B755
004043,B841
004044,B845
004045,B894
004046,C046
004047,C081
004049,C165
004050,C167
004051,C173
004052,C176
004053,C205
004054,C214
004055,C314
004056,C317
004057,C323
004058,C375
004059,C376
004060,C441
004061,C466
004062,C504
004063,C530
004064,C547
004065,C550
004066,C589
004067,C599
004068,C653
004069,C681
004070,C738
004071,C792
004072,D022
004073,D062
004074,D093
004075,D120
004076,D133
004077,D172
004078,D205
004079,D271
004080,D291
004081,D314
004082,D372
004083,D401
004084,D410
004085,D412
004086,D499
004087,D511
004088,D523
004089,D742
004090,D751
004091,D752
004092,D782
004093,D856
004094,D894
004095,D920
004096,D967
004097,E111
004098,E115
004099,E118
004100,E182
004101,E251
004102,E282
004103,E327
004104,E406
004105,E430
004106,E540
004107,E539
004108,E546
004109,E564
004110,E597
004111,E615
004112,E789
004113,E809
004114,E808
004115,E887
004116,E894
004117,E939
004118,E945
004119,E963
004120,E973
004121,E988
004122,F114
004123,F279
004124,F309
004125,F312
004126,F326
004127,F329
004128,F330
004129,F338
004130,F351
004131,F355
004132,F358
004133,F385
004134,F405
004135,F408
004136,F424
004137,F550
004138,F558
004139,F608
004140,F654
004141,F666
004142,F669
004143,F723
004144,F743
004145,F809
004146,F811
004147,F846
004148,F863
004149,F883
004150,F894
004151,F895
004152,F961
004153,F972
004154,G066
004155,G114
004156,G183
004157,G228
004158,G240
004159,G302
004160,G339
004161,G457
004162,G458
004163,G526
004164,G532
004165,G561
004166,G575
004167,G625
004168,G683
004169,G697
004170,G742
004171,G800
004172,G837
004173,G970
004174,H011
004175,H059
004176,H068
004177,H069
004178,H085
004179,H150
004180,H247
004181,H285
004182,H326
004183,H362
004184,H363
004185,H377
004186,H378
004187,H385
004188,H391
004189,H395
004190,H407
004191,H447
004192,H453
004193,H462
004194,H472
004195,H473
004196,H474
004197,H578
004198,H633
004199,H695
004200,H704
004201,H710
004202,H716
004203,H727
004204,H746
004205,H755
004206,H770
004207,H812
004208,H851
004209,H852
004210,I037
004211,I210
004212,I316
004213,I367
004214,I372
004215,I470
004216,I484
004217,I512
004218,I646
004219,I659
004220,I750
004221,I817
004222,I822
004223,I823
004224,I985
004225,L048
004226,L252
004227,L241
004228,L278
004229,L281
004230,L367
004231,L410
004232,L427
004233,L558
004234,L580
004235,L631
004237,L729
004238,L758
004239,L771
004240,L804
004241,L817
004242,L841
004243,L888
004244,L942
004245,L974
004246,L990
004247,M015
004248,M055
004249,M063
004250,M136
005001,A072
005002,A173
005003,A312
005004,A352
005005,A479
005006,A527
005007,A588
005008,A770
005009,A812
005010,B221
005011,B236
005012,B306
005013,B376
005014,B418
005015,B425
005016,B469
005017,B594
005018,B633
005019,B707
005020,B991
005021,C022
005022,C049
005023,C047
005024,C064
005025,C127
005026,C154
005027,C161
005028,A300
005029,C226
005030,C230
005031,C232
005032,C253
005033,C438
005034,C440
005035,C528
005036,C533
005037,C583
005038,C658
005039,C701
005040,C739
005041,C804
005042,C807
005044,D046
005045,D050
005046,D051
005047,D052
005048,D072
005049,D101
005050,D119
005051,D207
005052,D388
005053,D554
005054,D678
005055,D802
005056,E134
005057,E159
005058,E295
005059,E338
005060,E633
005061,E917
005062,E944
005063,F254
005064,F308
005065,F311
005066,F316
005067,F323
005068,F325
005069,F336
005070,F343
005071,F361
005072,F386
005073,F390
005074,F409
005075,F468
005076,F527
005077,F556
005079,F709
005080,F902
005081,G048
005082,G358
005083,G430
005084,G593
005085,G676
005086,G692
005087,G894
005088,H102
005089,H219
005090,H250
005091,H366
005092,H376
005093,H392
005094,H451
005095,H466
005096,H468
005097,H811
005098,H899
005099,H987
005100,I017
005101,I076
005103,I555
005104,I637
005105,I678
005106,I698
005107,I781
005108,L168
005109,L203
005110,L204
005111,L531
005112,L574
005113,L807
005114,L829
005115,L834
005116,L879
005117,L945
005118,L984
005119,M019
005120,M058
005121,M302
006001,A052
006002,A146
006003,A182
006004,A189
006005,A197
006007,A227
006008,A245
006009,A436
006010,A523
006011,A605
006012,A689
006013,A708
006014,A738
006015,A793
006016,A813
006017,A889
006018,A998
006019,B029
006020,B037
006021,B071
006022,B080
006023,B109
006024,B179
006025,B311
006026,B453
006027,B482
006028,B629
006029,B701
006030,B736
006031,B765
006032,B769
006033,B818
006034,B836
006035,B840
006036,B847
006037,B870
006038,B882
006039,B885
006040,B902
006041,B941
006043,C027
006044,C030
006045,C137
006046,C142
006047,C148
006048,C156
006049,C158
006050,C160
006051,C162
006052,C229
006053,C243
006054,C274
006055,C387
006056,C432
006057,C503
006058,C507
006059,C531
006060,C962
006061,C977
006062,D102
006063,D149
006065,D272
006066,D277
006067,D447
006068,D528
006069,D559
006070,D759
006071,D770
006072,D777
006073,D780
006074,D797
006075,D813
006076,D814
006077,D835
006078,D890
006079,D910
006081,D944
006082,E015
006083,E164
006084,E188
006085,E191
006086,E255
006087,E360
006088,E543
006090,E870
006091,F015
006092,F096
006093,F131
006094,F232
006095,F281
006096,F293
006097,F313
006098,F320
006099,F337
006100,F365
006101,F374
006102,F387
006103,F403
006104,F404
006105,F455
006106,F469
006107,F518
006108,F562
006109,F707
006110,F713
006111,F737
006112,F751
006113,F814
006114,F965
006115,F995
006116,F997
006117,F998
006118,G042
006119,G124
006120,G193
006121,G197
006122,G199
006123,G204
006124,G215
006125,G334
006126,G338
006127,G367
006128,G397
006129,G619
006131,G807
006132,G839
006133,G858
006134,G861
006135,G872
006136,G877
006137,G960
006138,G961
006139,G987
006140,H021
006141,H104
006142,H121
006143,H272
006144,H334
006145,H343
006146,H406
006147,H414
006148,H465
006149,H569
006150,H677
006151,H694
006152,H810
006153,H878
006154,I144
006155,I150
006156,I190
006157,I429
006158,I432
006159,I645
006160,I657
006161,I711
006162,I738
006163,I798
006164,I808
006165,I901
006166,I911
006167,I941
006168,I977
006169,L027
006170,L059
006171,L139
006172,L143
006173,L165
006174,L304
006175,L403
006176,L432
006177,L570
006178,L633
006179,L881
006180,L887
006181,L904
006182,L931
006183,L963
006184,L970
006185,L972
006186,M009
006187,M077
006188,M120
006189,M121
006190,M123
006191,M388
006192,M397
006193,M420
007001,A205
007002,A305
007003,A326
007004,A424
007005,A452
007006,A521
007007,A094
007008,A108
007009,A643
007010,A877
007011,B192
007012,B230
007013,C593
007014,C594
007015,C595
007016,B491
007017,C596
007018,B540
007019,C598
007020,C294
007021,C821
007022,D012
007023,D338
007024,D356
007025,D402
007026,D444
007027,D537
007028,D666
007029,D839
007030,E029
007031,E165
007032,E167
007033,E168
007034,E273
007035,E306
007036,E369
007037,E371
007038,E391
007039,A308
007040,E458
007041,E470
007042,E587
007043,F367
007044,F726
007045,F987
007046,G045
007047,G012
007048,G459
007049,G794
007050,G545
007051,G860
007052,G854
007053,H042
007054,H110
007055,H262
007056,H263
007057,H497
007058,H669
007059,H670
007060,H671
007061,H672
007062,H673
007063,H674
007064,H675
007065,H676
007066,I442
007067,L217
007068,L582
007069,L643
007070,L647
007071,L654
007072,L783
007073,C282
007074,L981
008001,A111
008002,A338
008003,A344
008004,A418
008005,A499
008006,A536
008007,A581
008008,A984
008009,A993
008010,B020
008011,B559
008012,B734
008014,C143
008015,C110
008016,C511
008017,C559
008018,C578
008019,C657
008020,C660
008021,C718
008022,C755
008023,D087
008024,D114
008025,D293
008026,D296
008027,D297
008028,D298
008029,D318
008030,D319
008031,E290
008032,E346
008033,E719
008034,F123
008035,F290
008037,F528
008038,G041
008039,G164
008040,G454
008041,G607
008042,G632
008043,G660
008044,G814
008045,G840
008046,G890
008047,H027
008048,H180
008049,H257
008050,H328
008051,H460
008052,H763
008053,H780
008054,H957
008055,I138
008056,I365
008057,I556
008058,I796
008059,L024
008060,L146
008061,L430
008062,L596
008063,L599
008064,L693
008065,L741
008066,L809
008067,L943
008068,M387
009001,A122
009002,A145
009003,A165
009004,A166
009005,A226
009006,A278
009007,A422
009008,A593
009009,A647
009010,A796
009011,A931
009012,A999
009013,B005
009014,B048
009015,B369
009016,B409
009017,B416
009018,B748
009019,B927
009020,C063
009021,C276
009022,C443
009023,C463
009024,C510
009025,C729
009026,D095
009027,D264
009028,D424
009029,D600
009030,D927
009031,E064
009032,E066
009033,E414
009034,E632
009035,E816
009036,E860
009037,F046
009038,F213
009039,F226
009040,F813
009041,F847
009042,F926
009043,G076
009044,D522
009045,G144
009046,G155
009047,G281
009048,G542
009049,G605
009050,G741
009051,G866
009052,H126
009053,H266
009054,H452
009055,I453
009056,I480
009057,I926
009058,I946
009059,I947
009060,L152
009061,L190
009062,L315
009063,L499
009064,L528
009065,L675
009066,L730
009067,L823
009068,L975
009069,M197
010001,A388
010002,A506
010003,A658
010004,A922
010005,B067
010006,B282
010007,B490
010008,B538
010009,B551
010010,B726
010011,B939
010012,B956
010013,C302
010014,C481
010015,C621
010016,C673
010017,C823
010018,C826
010019,C995
010020,D175
010021,D255
010022,D509
010023,D512
010024,D677
010025,D969
010026,E109
010027,E341
010028,E488
010029,E519
010030,E695
010031,E737
010032,F020
010033,F098
010034,F173
010035,F202
010036,F256
010037,F354
010038,F445
010039,F682
010040,F858
010041,F862
010042,G093
010043,G646
010044,G913
010045,H073
010046,H183
010047,H212
010048,H258
010049,H536
010050,H546
010051,H581
010052,H599
010053,H802
010054,I225
010055,I346
010056,I368
010057,I475
010058,I640
010059,I693
010060,I852
010061,L167
010062,L298
010063,L416
010064,L507
010065,L546
010066,M105
010067,M182
011001,A261
011002,A373
011003,A836
011004,A932
011005,A961
011006,A992
011007,B214
011008,B410
011009,B838
011010,B839
011011,C240
011012,D265
011013,D655
011014,D758
011015,E463
011016,E542
011017,E560
011018,E842
011019,F609
011020,G143
011021,G664
011022,G925
011023,H275
011024,H304
011025,H461
011026,I363
011027,I449
011028,E070
011029,L681
011030,L774
011031,L819
011032,M177
012001,A085
012002,A167
012003,A290
012004,A371
012005,A441
012006,A531
012007,A532
012008,A619
012009,A645
012010,A728
012011,A819
012012,A825
012013,A826
012014,A845
012015,A891
012016,A918
012017,B126
012018,B131
012019,B150
012020,B166
012021,B182
012022,B191
012023,B219
012024,B228
012025,B258
012026,B300
012027,B326
012029,B368
012030,B634
012031,B732
012032,B754
012033,B796
012034,B805
012035,B807
012036,B875
012037,B921
012038,B949
012039,B987
012040,C004
012041,B999
012042,C139
012043,B312
012044,C273
012045,C181
012046,C300
012047,C343
012048,C382
012049,C409
012050,C732
012051,C751
012052,C796
012053,C810
012054,C911
012055,C922
012056,D144
012057,D185
012058,D192
012059,D199
012060,D204
012061,D217
012062,D238
012063,D239
012064,D256
012065,D384
012066,D385
012067,D467
012068,D543
012069,D551
012070,D869
012071,D871
012072,D946
012073,D951
012074,D963
012075,D981
012076,D987
012077,E079
012078,E101
012079,E102
012080,E104
012081,E144
012082,E292
012083,E299
012084,E367
012085,E386
012086,E494
012087,E496
012088,E510
012089,E665
012090,E666
012091,E707
012092,E734
012093,E769
012095,E856
012096,E863
012097,E929
012098,E965
012099,F002
012100,F007
012101,F134
012102,F154
012103,F526
012104,F703
012105,F711
012106,F736
012107,G008
012108,G028
012109,G103
012110,G105
012113,G906
012114,G907
012115,H173
012116,H174
012117,H723
012118,H736
012119,I441
012120,I688
012121,I793
012122,I794
012123,I819
012124,L003
012125,L032
012126,L115
012127,L319
012128,L342
012129,A705
012130,L480
012131,L577
012132,L671
012133,L682
012134,L703
012136,L733
012137,L734
012138,L765
012139,L876
012140,M101
012141,H872
012142,M339
012143,M425
013003,A143
013004,A153
013005,A164
013006,A224
013007,A249
013009,A319
013010,A333
013011,A391
013012,A430
013013,A476
013015,A670
013021,A778
013022,A791
013023,A870
013024,A898
013025,A904
013026,A905
013028,B134
013029,B144
013030,B172
013032,B218
013034,B262
013035,B313
013036,B346
013037,B355
013040,B513
013041,B639
013042,B641
013043,B653
013044,B730
013045,B742
013046,B778
013047,B785
013048,B851
013052,B974
013053,B977
013055,C020
013058,C206
013059,C220
013062,C381
013063,C482
013064,C516
013065,C520
013068,C724
013071,C787
013074,C902
013075,C933
013077,D041
013083,D147
013084,D196
013085,D232
013087,D310
013089,D329
013090,D341
013092,D355
013095,D416
013097,D445
013098,D462
013099,D482
013100,D531
013101,D579
013102,D605
013106,D930
013107,D974
013110,E139
013111,E141
013113,E172
013114,E235
013118,E309
013119,E405
013120,E416
013121,E428
013123,E462
013126,E569
013128,E593
013129,E607
013130,E623
013131,E638
013133,E659
013134,E679
013135,E735
013136,E749
013137,E750
013138,E753
013139,E830
013143,E951
013144,F017
013145,F120
013147,F151
013152,F305
013153,F372
013154,F427
013155,F564
013157,F688
013159,F788
013160,F828
013161,F877
013163,F958
013165,G025
013169,G056
013170,G126
013178,G415
013183,G556
013184,G665
013185,G737
013186,G773
013187,G821
013188,G847
013189,G889
013192,H074
013193,H094
013195,H255
013197,H478
013199,H521
013201,H601
013202,H602
013203,H679
013204,H760
013206,H840
013207,I051
013211,I529
013212,I611
013216,I856
013217,I860
013218,I943
013222,L071
013223,L228
013226,L413
013227,L470
013228,L487
013229,L547
013232,L640
013233,H259
013234,C936
013236,L715
013238,L737
013239,L748
013242,L792
013245,L956
013246,M156
013248,I162
013249,M315
013250,M335
013251,M336
013252,M341
013253,M383
013254,M394
013255,M412
014001,A135
014002,A172
014003,A273
014004,A337
014005,A382
014006,A777
014007,A787
014008,A848
014009,B049
014010,B255
014011,B366
014012,B530
014013,B993
014014,C186
014015,C325
014016,C418
014017,C493
014018,C623
014019,C628
014020,C651
014021,C709
014022,C785
014023,C903
014024,D088
014025,D258
014026,D266
014027,D377
014028,D456
014029,D694
014030,D830
014031,D990
014032,E090
014033,E200
014034,E201
014035,E342
014036,E443
014037,E621
014038,E705
014039,E896
014040,F070
014041,F115
014043,F153
014044,F393
014045,F712
014046,F956
014047,G410
014048,G572
014049,G576
014050,G718
014051,G431
014052,G829
014053,G937
014054,G993
014055,H192
014056,H493
014057,H752
014058,H868
014059,I636
014060,I828
014061,I829
014062,I928
014063,L035
014064,L056
014065,L084
014066,L175
014067,L244
014068,L316
014069,L330
014070,L392
014071,L557
014072,L563
014073,L576
014074,L638
014075,L749
014076,L799
014077,L907
014078,L908
015002,A010
015005,A127
015007,A375
015009,A389
015010,A413
015011,A473
015012,A652
015014,A697
015015,A699
015016,A751
015019,A804
015022,A820
015024,A872
015026,A920
015027,A940
015032,B162
015035,B235
015036,B240
015038,B286
015040,B292
015041,B301
015042,B448
015044,B461
015046,B593
015050,B820
015051,B850
015055,B938
015058,B989
015059,C003
015060,C014
015061,C033
015062,C052
015070,C523
015071,C536
015072,C537
015074,C565
015076,C569
015077,C707
015078,C733
015081,C895
015082,C908
015085,C986
015086,D013
015087,D018
015093,D045
015096,D198
015097,D229
015098,D231
015099,D244
015101,D367
015103,D845
015105,D912
015106,D995
015108,E094
015110,E170
015112,E258
015113,E313
015114,E317
015115,E395
015116,E415
015118,E514
015122,E610
015125,E639
015130,E801
015131,E819
015134,E921
015136,F003
015139,F084
015140,F100
015142,F119
015144,F155
015146,F205
015150,D033
015151,F783
015154,F874
015155,F939
015157,F955
015158,F968
015159,G078
015164,G181
015165,G206
015166,G220
015167,G316
015168,G324
015169,G385
015170,C013
015171,G488
015172,G502
015173,G634
015175,G686
015176,G772
015177,G955
015178,G965
015179,H026
015181,H240
015182,H264
015183,H371
015184,H373
015185,H470
015188,H560
015189,H623
015191,H803
015192,H827
015194,H884
015195,H930
015200,I361
015201,I409
015202,I415
015204,I566
015205,I577
015206,I602
015209,I690
015210,I696
015211,I700
015213,I786
015219,L408
015220,L409
015221,L411
015222,L415
015224,L454
015226,L471
015229,L665
015230,L667
015236,L773
015237,L883
015242,M053
015243,M091
015244,M102
015247,M176
015248,L928
015249,L664
015250,A618
015251,M424
016001,A057
016002,A058
016003,A129
016004,A163
016005,A214
016006,A216
016007,A217
016008,A246
016009,A259
016010,A304
016011,A365
016012,A383
016013,A440
016014,A511
016015,A517
016016,A528
016017,A533
016018,A557
016019,A631
016020,A664
016021,A684
016022,A732
016023,A786
016024,A794
016025,A815
016026,A846
016027,A903
016028,A937
016029,A950
016030,A963
016031,A962
016032,B010
016033,B083
016034,B088
016035,B112
016036,B123
016037,B137
016038,B138
016040,B178
016041,B217
016042,B223
016043,B393
016044,B395
016046,B434
016047,B442
016048,B471
016049,B618
016050,B661
016051,B703
016052,B710
016053,B731
016055,B801
016056,B803
016057,B854
016058,B947
016059,B971
016060,B978
016061,C007
016062,C079
016063,C255
016064,C324
016065,C337
016066,C396
016067,C410
016068,C456
016069,C457
016070,C459
016071,C506
016072,C635
016073,C649
016074,C728
016075,C730
016076,C759
016077,C800
016078,C835
016079,C894
016080,C910
016081,C937
016082,D015
016083,D066
016084,D110
016085,D103
016086,D117
016087,D126
016088,D139
016089,D221
016090,D233
016091,D245
016092,D352
016093,D406
016094,D411
016096,D490
016097,D491
016098,D588
016099,D604
016100,D606
016101,D672
016102,D684
016103,D688
016104,D697
016105,D727
016106,D817
016107,D903
016108,D905
016109,D906
016110,D943
016111,D952
016113,E006
016114,E100
016115,E103
016116,E106
016117,E148
016118,E189
016119,E192
016120,E219
016121,E353
016122,E370
016123,E422
016124,E509
016125,E524
016126,E562
016127,E640
016128,E704
016129,E751
016130,E770
016131,E794
016132,E901
016133,E987
016134,F186
016135,F243
016136,F276
016137,F328
016139,F547
016140,F720
016141,F738
016142,F786
016143,F791
016144,F864
016145,G049
016146,G050
016147,G054
016148,G068
016149,G075
016150,G108
016151,G118
016152,G159
016153,G160
016154,G233
016155,G249
016156,G259
016157,G295
016158,G346
016159,G350
016160,G412
016161,G418
016162,G564
016163,G574
016164,G579
016165,G583
016166,G588
016167,G774
016168,F941
016169,G853
016170,G856
016171,G864
016172,G867
016173,G968
016174,H020
016175,H036
016176,H046
016177,H091
016178,H176
016179,H177
016180,H331
016182,H492
016183,H509
016184,H535
016185,H544
016186,H584
016187,H615
016188,H910
016189,B310
016190,I079
016191,I168
016193,I437
016194,I506
016195,I530
016196,I567
016197,I597
016198,I628
016199,I629
016200,I812
016201,I830
016202,I858
016203,I869
016204,I873
016205,I916
016206,I919
016207,I951
016208,I986
016209,I997
016210,L037
016211,L073
016212,L087
016213,L118
016214,L251
016215,L257
016216,L265
016217,L276
016218,L388
016219,L400
016220,L404
016221,C789
016222,L502
016223,L544
016224,L545
016225,L579
016226,L623
016227,L642
016229,L655
016230,L707
016232,L752
016233,L753
016234,L795
016235,L827
016236,L865
016237,L894
016238,L929
016239,A215
016240,L936
016241,L938
016242,M045
016243,M050
016244,M144
016245,M147
016246,M184
016247,D111
016248,A193
016249,D016
016250,F085
016251,I813
016252,M333
016253,M334
017001,A034
017002,A060
017003,A082
017004,A188
017005,A288
017006,A293
017007,A451
017008,A529
017009,A569
017010,A578
017011,A630
017012,A661
017013,A702
017014,A729
017015,A799
017016,A816
017017,A817
017018,A861
017019,A878
017020,B035
017021,B040
017022,B054
017023,B091
017024,B100
017025,B102
017026,B120
017027,B124
017028,B149
017029,B157
017030,B184
017031,B365
017032,B394
017033,B436
017034,B450
017035,B664
017036,B676
017037,B698
017038,B711
017039,B817
017040,C055
017041,C072
017042,C208
017043,C293
017044,C330
017045,C332
017046,C408
017047,C417
017048,C439
017049,C549
017050,C585
017051,C591
017052,C618
017053,C685
017054,C691
017055,C760
017056,C806
017057,C850
017058,C883
017059,C893
017060,C925
017061,C948
017062,D058
017063,D064
017064,D082
017065,D251
017066,D270
017067,D284
017068,D391
017069,D421
017070,D434
017071,D576
017072,D634
017073,D891
017074,D917
017075,D918
017076,D924
017077,D940
017078,D999
017079,E010
017080,E116
017081,E271
017082,E280
017083,E297
017084,E325
017085,E333
017086,E364
017087,E497
017088,E526
017089,E596
017090,E652
017091,E654
017092,M312
017093,E673
017094,E698
017095,E706
017096,E738
017097,E787
017098,E800
017099,E841
017100,E851
017101,E865
017102,E883
017103,E884
017104,E928
017105,E961
017106,E967
017107,F063
017108,F216
017109,F373
017110,F375
017111,F532
017112,F672
017113,F471
017114,F680
017115,F806
017116,F820
017117,F851
017118,F884
017119,F989
017120,F990
017121,G001
017122,G006
017123,G061
017124,G074
017125,G149
017126,G150
017127,G170
017128,G179
017129,G213
017130,G217
017131,G247
017132,G248
017133,G264
017134,G327
017135,G354
017136,G361
017137,G391
017138,G407
017139,G474
017140,G475
017141,G529
017142,G546
017143,G710
017144,G779
017145,G801
017146,G815
017147,G818
017148,G844
017149,G859
017150,G869
017151,G959
017152,G977
017153,H043
017155,H055
017156,H078
017157,H077
017158,H086
017159,H140
017160,H230
017161,H256
017162,H410
017163,H477
017164,H484
017165,H525
017166,H598
017167,H630
017168,H650
017169,H699
017170,H717
017171,H838
017172,H865
017173,I412
017174,I433
017175,I476
017176,I588
017177,I607
017178,I631
017179,I633
017180,I782
017181,I831
017182,L002
017183,C698
017184,L094
017185,L169
017186,L210
017187,L312
017188,L339
017189,L372
017190,L380
017191,L406
017192,L494
017193,L626
017194,L468
017195,L777
017196,L778
017197,L812
017198,L816
017199,L919
017200,L923
017201,L995
017202,M065
017203,M070
017204,M104
017205,M188
017206,G549
018001,A118
018002,A134
018003,A171
018004,A175
018005,A387
018006,A538
018007,A550
018008,A634
018009,A690
018011,A712
018012,A718
018013,A741
018014,A792
018015,A989
018016,B028
018017,B030
018018,B038
018019,B051
018020,B082
018021,B117
018022,B142
018023,B159
018024,B201
018025,B447
018026,B567
018027,B587
018029,B613
018030,B741
018031,B929
018032,B945
018033,B954
018034,B988
018035,C038
018036,C050
018037,C053
018038,C157
018039,C184
018040,C213
018041,C360
018042,C414
018043,C484
018044,C508
018045,C509
018046,C541
018047,C551
018048,C637
018049,C684
018050,C686
018051,C813
018052,C958
018053,C979
018054,C982
018057,D081
018058,D109
018059,D127
018060,B824
018061,D348
018062,D552
018063,D594
018064,D732
018065,D771
018066,D873
018067,D892
018068,D901
018069,D925
018071,D980
018072,E062
018073,E072
018074,E081
018075,E152
018076,E195
018077,E310
018078,E437
018079,E439
018080,E454
018081,E600
018082,E608
018083,E662
018084,B387
018085,E804
018086,E934
018087,E999
018088,F080
018089,F122
018090,F170
018091,F171
018092,F175
018093,F238
018094,F417
018095,F440
018096,F449
018097,F638
018098,F644
018099,F670
018100,F701
018101,F739
018102,F754
018103,F891
018104,G021
018105,G032
018106,G194
018107,G275
018108,G304
018109,G342
018110,G388
018111,G612
018112,G635
018113,G639
018114,G650
018115,G671
018116,G720
018117,G851
018118,G895
018119,H204
018120,H216
018121,H246
018122,H336
018123,H369
018124,H375
018125,H396
018126,H450
018127,H491
018128,H505
018129,H527
018130,H559
018131,H614
018133,H799
018134,H814
018135,H859
018136,H885
018137,I014
018138,I048
018139,I175
018140,I203
018141,I213
018142,I230
018143,I237
018144,I276
018145,I416
018146,I447
018147,I487
018148,I599
018149,I739
018150,E265
018151,I825
018152,I894
018153,I968
018154,B014
018155,L237
018156,L250
018157,L256
018158,L262
018159,L269
018160,L285
018161,L292
018162,I236
018163,L440
018164,L449
018165,L453
018166,L562
018167,L568
018168,L593
018169,L617
018171,L690
018172,L716
018173,L720
018174,L784
018175,L788
018176,L854
018177,L872
018178,L917
018179,L983
018180,L994
018181,M079
018182,M109
018183,M119
018184,M150
018185,M152
018186,M161
018187,M162
018188,M166
018189,M167
018190,M180
018191,M338
018192,M372
018193,M419
019001,A039
019002,A076
019003,A299
019004,A526
019005,A570
019006,A972
019007,A986
019009,B439
019010,B484
019011,B498
019012,B650
019013,B679
019014,B680
019015,B686
019016,B869
019017,B881
019018,B889
019019,B890
019020,B891
019021,B898
019022,B900
019023,C089
019024,C115
019025,C153
019026,B129
019027,C290
019028,C435
019029,C634
019030,C678
019031,C703
019032,D056
019033,D057
019034,D141
019035,D142
019036,D150
019037,D151
019038,D186
019039,D203
019040,D278
019041,D358
019043,D574
019044,D710
019045,D834
019046,D841
019047,D966
019048,D993
019049,E082
019050,E193
019051,E217
019052,E272
019053,E356
019054,E380
019055,E793
019056,E843
019057,E983
019058,F434
019059,F681
019060,F761
019061,F771
019062,G004
019063,G047
019064,G185
019065,G222
019066,G260
019067,G306
019068,G469
019069,G483
019070,G504
019072,G558
019073,G603
019074,G647
019075,G651
019076,G721
019077,B914
019078,H130
019079,H276
019080,H314
019081,H315
019082,H316
019083,H341
019084,H357
019085,H372
019086,H508
019087,H731
019088,H767
019089,H815
019090,H918
019091,I007
019092,I497
019093,I498
019094,I627
019095,I683
019096,I790
019097,I827
019098,I849
019099,I865
019100,I906
019101,I909
019102,I914
019103,I935
019104,L164
019105,L221
019106,L225
019107,L258
019108,L296
019109,L389
019110,L426
019111,L535
019112,L539
019113,L806
019114,M116
019115,M127
019116,M418
020001,A038
020002,A470
020003,A575
020007,B110
020008,B612
020010,B901
020011,B907
020012,B911
020013,C059
020014,C076
020015,C118
020016,C195
020017,C312
020018,C406
020019,C502
020020,C930
020021,D227
020022,D351
020024,D949
020025,D959
020026,E078
020027,E089
020028,E261
020029,E818
020030,E897
020031,E922
020032,E949
020033,E962
020034,F086
020035,F267
020036,F705
020037,B012
020038,G186
020039,G417
020041,G717
020042,G753
020043,G816
020044,G862
020045,G917
020046,H129
020047,H143
020048,H218
020050,H342
020051,H481
020052,H541
020053,H604
020054,H652
020055,H771
020056,H870
020057,H883
020058,H912
020059,I005
020060,I532
020061,I632
020062,I662
020063,I801
020064,L015
020065,L020
020066,L826
020068,M044
020070,M125
020071,M340
020072,M396
020073,M406
021001,A179
021002,A286
021003,A306
021004,A332
021005,A507
021006,A537
021007,A635
021008,A952
021009,B116
021010,B145
021011,B160
021012,B203
021013,B220
021014,B364
021015,B397
021016,B529
021017,B570
021018,C062
021019,C254
021020,A022
021021,C625
021022,C652
021023,B799
021024,D048
021025,D075
021026,D079
021027,D222
021028,D311
021029,D392
021030,D484
021031,D571
021032,D731
021033,D821
021034,D860
021035,D923
021036,E069
021037,E398
021038,E412
021039,E420
021040,E421
021041,E434
021042,E457
021043,E481
021044,E764
021045,E829
021046,E862
021047,E938
021048,E959
021049,E981
021050,F118
021051,F132
021052,F371
021053,F392
021054,F766
021055,F836
021056,F849
021057,F856
021058,F949
021059,F950
021060,G083
021061,G140
021062,G328
021063,G443
021064,G299
021065,G830
021066,G936
021067,H004
021068,H019
021069,H081
021070,H152
021071,H189
021072,H236
021073,H284
021074,H299
021075,H475
021076,H719
021077,H786
021079,H858
021080,H952
021081,H956
021082,H988
021083,H989
021084,I065
021085,I173
021086,I431
021087,I519
021088,I593
021089,I591
021091,I604
021092,I687
021093,I729
021094,I771
021095,I948
021096,L106
021097,L108
021098,L111
021099,L149
021100,L176
021101,L178
021102,L444
021103,L455
021104,L490
021105,L527
021106,L552
021107,L564
021108,L595
021109,L601
021110,L660
021111,L687
021112,L745
021113,L915
021114,L971
021115,M067
021116,L724
021117,E491
021118,I603
022001,A116
022002,A158
022003,A178
022005,A274
022006,A372
022007,A520
022009,A694
022011,A730
022013,A821
022015,A863
022017,A902
022018,A916
022021,A968
022022,B006
022025,B153
022026,B158
022029,B335
022032,B389
022033,B400
022034,B404
022035,B419
022036,B514
022037,B525
022038,B577
022039,B579
022040,B697
022042,B783
022043,B856
022045,C183
022047,C189
022048,C194
022049,C216
022050,C372
022051,C380
022052,C392
022053,C393
022054,C400
022058,C700
022059,C712
022060,C727
022061,C756
022062,C794
022064,C931
022068,D188
022071,D246
022074,D273
022078,D365
022079,D371
022081,D468
022083,D565
022085,D573
022087,D651
022089,D714
022090,D775
022091,D928
022092,E048
022093,E065
022095,E178
022097,E288
022098,E334
022102,E492
022103,E500
022104,E565
022106,E624
022108,E664
022109,E757
022110,E850
022112,F045
022113,F068
022114,F168
022115,F176
022116,F183
022117,F187
022118,F263
022120,F307
022123,F728
022124,F835
022127,F920
022128,F929
022129,F947
022130,G168
022131,G173
022133,G296
022134,G305
022135,M303
022136,G419
022137,G428
022138,G429
022139,G452
022142,G656
022143,G681
022144,G808
022147,H018
022150,H146
022153,H330
022155,H517
022156,H528
022157,H532
022159,H552
022160,H607
022161,H612
022162,H634
022163,H639
022164,H666
022165,H754
022167,I042
022168,I354
022169,I411
022170,I439
022171,I554
022172,I576
022173,I714
022176,I839
022177,I871
022179,I899
022180,I924
022181,I925
022182,I949
022183,I964
022184,I975
022188,L089
022189,L090
022190,L096
022191,L097
022193,L121
022195,L145
022196,L147
022199,L174
022200,L200
022202,L211
022203,L322
022205,L378
022209,L575
022210,L588
022213,L769
022216,L886
022222,L957
022224,M113
022226,M173
022228,M314
022229,M313
022230,M344
022231,M345
022232,M343
022233,M366
022234,M365
022235,M349
022236,M350
022237,M351
022238,M352
022239,M353
022240,M354
022241,M355
022242,M356
022243,M357
022244,M358
022245,M359
022246,M360
022247,M361
022248,M362
022249,M363
022250,M390
022251,M407
022252,M429
022253,M430
022254,M431
023001,A061
023002,A137
023003,A292
023004,A374
023005,A540
023006,A650
023007,A737
023008,A837
023009,A964
023010,B070
023011,B073
023012,B107
023013,B152
023014,B154
023015,B296
023016,B304
023017,B402
023018,B709
023019,B886
023020,C041
023021,C078
023022,C225
023023,C370
023024,C412
023025,C498
023026,C538
023027,C890
023028,C897
023029,C943
023030,D118
023031,D317
023032,D419
023033,D420
023034,D549
023035,D818
023036,D915
023037,D957
023038,E171
023039,E284
023040,E349
023041,E358
023042,E489
023043,E502
023044,E512
023045,E848
023046,E911
023047,F172
023048,F218
023049,F461
023050,F508
023051,F789
023052,F861
023053,F918
023054,F921
023055,G080
023056,G297
023057,G365
023058,G481
023059,G489
023060,G945
023061,H048
023062,H356
023063,H522
023064,H540
023065,H606
023066,H610
023067,H608
023068,H714
023069,H783
023070,H916
023071,H924
023072,H944
023073,I003
023074,H712
023075,I105
023076,I109
023077,I259
023078,I292
023079,I414
023080,I594
023081,I775
023082,I821
023083,I826
023084,I850
023085,L136
023086,L287
023087,L364
023088,L396
023089,L567
023090,L722
023091,L781
023092,D193
023093,L810
023094,L869
023095,L912
023096,L949
023097,M172
023098,M178
024001,A093
024002,A154
024003,A220
024004,A231
024005,A236
024006,A377
024007,A444
024008,A459
024009,A465
024010,A467
024012,A703
024013,A954
024014,B132
024015,B143
024016,B161
024017,B196
024018,B403
024019,B433
024020,B441
024021,B485
024022,B511
024024,B835
024025,B844
024026,C037
024027,C056
024028,C119
024029,C605
024030,C650
024032,C824
024034,D020
024035,D107
024036,D136
024037,D156
024038,D379
024039,D407
024040,D496
024041,D750
024042,D882
024043,D897
024044,D902
024046,E184
024047,E226
024048,E354
024049,E403
024050,E465
024051,E671
024052,E682
024053,E731
024055,E864
024056,E912
024057,E970
024060,F442
024061,F464
024062,F465
024063,F486
024064,F514
024065,F515
024066,F662
024067,F675
024068,F696
024070,F829
024071,F838
024072,F922
024073,F957
024074,F964
024075,G095
024076,G406
024077,G560
024078,G694
024079,G776
024080,G931
024081,G943
024082,G957
024083,H134
024084,H214
024085,H361
024086,H512
024087,H556
024088,H580
024089,H594
024090,F810
024091,H829
024094,I117
024095,I353
024096,I401
024097,I425
024098,I430
024099,I527
024100,I531
024101,I783
024102,I867
024103,I879
024104,L156
024105,L157
024106,D717
024107,L248
024108,L297
024110,L433
024111,L551
024112,L554
024113,L624
024115,L723
024116,L840
024117,L952
024118,M032
024119,M145
024120,M170
024121,M194
024122,M199
024123,M384
024124,M401
024125,M423
024126,M426
024127,M427
025001,A083
025002,A121
025003,A206
025004,A443
025005,A501
025006,A757
025007,A982
025008,B375
025010,C458
025011,C577
025012,C630
025013,C672
025014,C872
025015,C920
025016,A266
025017,D247
025018,D330
025019,D470
025021,D530
025022,D686
025023,B574
025025,E113
025026,E429
025027,E490
025029,E588
025030,E622
025032,E687
025033,E708
025035,G169
025036,G404
025037,G442
025039,G642
025040,B662
025043,H327
025044,H379
025045,H938
025046,I063
025047,I088
025048,I206
025049,I347
025050,C919
025051,I392
025053,I563
025054,I592
025055,I626
025056,I866
025057,I876
025058,I673
025059,L030
025060,L040
025062,L584
025063,L590
025065,L890
025066,M108
025067,M124
025069,M189
025070,M332
025071,M342
025072,M375
025073,M374
025074,M421
026001,A237
026002,A360
026003,A471
026004,B061
026005,B128
026006,B349
026007,B678
026008,B744
026009,B879
026010,B965
026011,C073
026012,C111
026013,C190
026014,C384
026015,C580
026016,C614
026017,C689
026018,C735
026019,C815
026020,C848
026021,C957
026022,C992
026023,D030
026025,C670
026026,D505
026027,D654
026028,D674
026029,D680
026030,D794
026031,D854
026032,E021
026033,E071
026034,E092
026035,E373
026036,E692
026037,E893
026038,E940
026039,F009
026040,F012
026041,F088
026042,F190
026043,F269
026044,F332
026045,F360
026046,F443
026047,F725
026048,F729
026049,F770
026050,F872
026051,F999
026052,G115
026053,G123
026055,G229
026056,G408
026057,G645
026058,G846
026059,G875
026060,G909
026061,G933
026062,G944
026063,H022
026064,H131
026065,H220
026066,H238
026067,H253
026068,H280
026069,H523
026070,H706
026071,H781
026072,H843
026073,I103
026074,I124
026075,I221
026076,I382
026077,I417
026078,I435
026079,I578
026080,I635
026081,F116
026082,I927
026083,L014
026084,L058
026085,L402
026086,L407
026087,L565
026088,L700
026089,L706
026090,L856
026091,M048
026092,M089
026093,M118
026094,M163
026095,M171
026096,M422
027001,A302
027002,B493
027003,B546
027004,B554
027005,B642
027006,C383
027007,C422
027008,C638
027009,C714
027010,C938
027011,C950
027012,D325
027013,D415
027014,D578
027015,D740
027016,D741
027017,D748
027018,E215
027019,C388
027020,E936
027021,E980
027022,F130
027023,F229
027024,F241
027025,F826
027026,F904
027027,F963
027028,G565
027029,G914
027030,G981
027031,H117
027032,H735
027033,H823
027034,I040
027035,I242
027036,I373
027037,I551
027038,I908
027039,I965
027040,L085
027041,L267
027042,L736
027043,L899
027044,M308
028001,A001
028002,A075
028003,A161
028004,A296
028005,A434
028006,A438
028007,A458
028008,A568
028009,A613
028010,A637
028011,A714
028012,A906
028013,B031
028014,B106
028015,B213
028016,B345
028017,B524
028018,B531
028019,B563
028020,B564
028021,B589
028022,B749
028023,B795
028026,B848
028027,B877
028028,B912
028029,C057
028030,C544
028031,C713
028032,C743
028033,C812
028034,C964
028035,D040
028036,D226
028037,D442
028038,D679
028039,D879
028040,D889
028041,D956
028042,E145
028043,E146
028044,E515
028045,E592
028046,E684
028047,E709
028048,F011
028049,F013
028050,F033
028052,F092
028053,F148
028054,F161
028055,F382
028056,F394
028057,F529
028058,F962
028059,G167
028060,G224
028061,G461
028062,G534
028063,G587
028064,G688
028065,G693
028066,G802
028067,G823
028068,G850
028069,G855
028070,G963
028071,H622
028072,H625
028073,H655
028075,H893
028076,H897
028077,I008
028078,I107
028079,I120
028080,I207
028082,I275
028083,I319
028084,I375
028085,I418
028086,I595
028087,I799
028088,I938
028089,L100
028090,L132
028091,L199
028092,L270
028093,L349
028094,L414
028095,L497
028096,L710
028097,L805
028098,L878
028099,L892
028100,L900
028101,L934
028102,L937
028103,L947
028104,L979
028105,M103
028106,M300
028107,M402
029001,A059
029002,A400
029003,A435
029004,A539
029005,A574
029006,A795
029007,B069
029008,B432
029009,B578
029010,B582
029011,C122
029012,C207
029013,C215
029014,C461
029015,C500
029017,C987
029018,D105
029019,D161
029021,D568
029022,D577
029023,D776
029024,D788
029025,D855
029026,D942
029027,E008
029028,E240
029029,E522
029030,E689
029031,E761
029032,F095
029033,F994
029034,G323
029035,G525
029036,G673
029037,G782
029038,G836
029039,G923
029040,H573
029041,H620
029042,H689
029043,H768
029044,H996
029045,I953
029046,L026
029047,L359
029048,L939
029049,L967
029050,L985
029051,L988
029052,G926
030001,A103
030002,A254
030003,A267
030004,A346
030005,A447
030006,A448
030007,A491
030008,A553
030009,A700
030010,A810
030011,A855
030012,A983
030013,B259
030014,B309
030015,B483
030016,B536
030018,B788
030019,B994
030020,C327
030021,C389
030022,C494
030023,C556
030024,C641
030025,C656
030026,C758
030027,C817
030028,C885
030029,C918
030030,D027
030031,D085
030032,D300
030033,D316
030034,D366
030035,D408
030036,D455
030037,D461
030039,D630
030040,D718
030041,D719
030042,D720
030043,D962
030044,E083
030045,E179
030046,E473
030047,E476
030048,E553
030049,E584
030051,E760
030052,E820
030053,E833
030054,E847
030055,E899
030056,E910
030057,E982
030058,F144
030059,F266
030060,F275
030061,F574
030062,F756
030063,F760
030064,F832
030065,F898
030066,G163
030067,G198
030068,G238
030069,G268
030070,G284
030071,G300
030072,G352
030073,G381
030074,G389
030075,G743
030076,G831
030077,G891
030078,G949
030079,G966
030080,G969
030081,H002
030082,H014
030083,H029
030084,H038
030085,H040
030086,H089
030087,H161
030088,H196
030089,H200
030090,H206
030091,H229
030092,H242
030093,H244
030094,H289
030095,H347
030097,H533
030098,H629
030099,H816
030100,H895
030101,H906
030102,H951
030103,I092
030104,I248
030105,I404
030106,I405
030107,I464
030108,I478
030109,I562
030110,I777
030111,I974
030112,L018
030113,G736
030114,L039
030116,L050
030117,L057
030118,L065
030120,L144
030121,L195
030122,L246
030123,L309
030124,L335
030126,L382
030127,L421
030128,L438
030129,L483
030130,L686
030131,L743
030132,L801
030133,L909
030135,M073
030136,M200
030137,D700
030138,M311
030188,M317
030189,I421
030190,M400
030191,M399
031001,B712
031002,D014
031003,D312
031004,D321
031005,D504
031006,D645
031007,E098
031008,E124
031009,E125
031010,E952
031011,F081
031012,F356
031013,F710
031014,F767
031015,H514
031016,H531
031017,H665
031018,H787
031019,H845
031020,H964
031021,I082
031022,I479
031023,I939
031024,L474
031025,M043
032001,D383
032002,F378
032003,F795
032004,D324
032005,I715
032006,L424
033001,A067
033002,A223
033003,A823
033004,A831
033005,A909
033006,B025
033007,B332
033008,B405
033010,B643
033011,B812
033012,C145
033013,C261
033014,C288
033015,C513
033016,C838
033017,D054
033018,D061
033019,D502
033020,D555
033021,D611
033022,D958
033023,E114
033024,E132
033025,E196
033026,E726
033027,F671
033028,F724
033030,G195
033032,G535
033033,G557
033034,G696
033035,G747
033036,G842
033037,G852
033038,H350
033039,H593
033040,H887
033041,G788
033042,I434
033043,L348
033044,L772
033045,L897
033046,L980
033047,M165
033048,L848
033049,M386
034001,A138
034002,A646
034003,A731
034004,A788
034005,A987
034006,B042
034007,B293
034008,B408
034009,C852
034010,C904
034011,C934
034012,D026
034013,D526
034014,B034
034015,D673
034016,D685
034017,D728
034018,E438
034019,E547
034020,F082
034022,F340
034023,F473
034024,F882
034025,F914
034026,G255
034027,G337
034028,G424
034030,H384
034031,H682
034032,H720
034033,I153
034035,I803
034036,I840
034038,E548
034039,L183
034040,L229
034041,L299
034042,L346
034044,L641
034045,L672
034046,L689
034049,M325
034050,M367
034051,M411
035001,A162
035002,A573
035003,A586
035004,A850
035005,A988
035006,B156
035008,B328
035009,B499
035010,B502
035011,B825
035012,B893
035013,B967
035014,C141
035015,C218
035016,C219
035017,C405
035018,C669
035020,D037
035021,D450
035022,D934
035023,E232
035024,E253
035026,E772
035027,F463
035028,F960
035029,G947
035030,H122
035032,H225
035033,H223
035034,H298
035035,H500
035036,H628
035037,I011
035038,I123
035039,I342
035040,I496
035041,L184
035042,L815
035043,L820
035044,L831
035045,L969
035046,M364
036001,A713
036002,A959
036003,B539
036004,B566
036005,B819
036006,C107
036007,C242
036008,C287
036009,C398
036010,C951
036011,D486
036012,D599
036013,D607
036014,D617
036015,D711
036016,D783
036017,E264
036018,E426
036019,E904
036020,E905
036021,F087
036022,F240
036023,F257
036024,F484
036025,F503
036026,F642
036027,F930
036028,F966
036029,G250
036030,G393
036031,G649
036032,G789
036033,H061
036034,H195
036035,H303
036036,H794
036037,H835
036038,I128
036039,I133
036040,I462
036041,I473
036042,F357
036043,I689
036044,I802
036045,I903
036046,L885
036047,M183
037001,A324
037002,A392
037003,A665
037005,A785
037006,A944
037007,B044
037008,B249
037009,B399
037010,B572
037011,B880
037012,B892
037013,C075
037014,C086
037015,B969
037016,C121
037017,C185
037019,C204
037020,C265
037021,C292
037022,C296
037024,D166
037025,D360
037026,D668
037027,D847
037028,D878
037030,E136
037031,E187
037032,E289
037033,A771
037034,E655
037035,E844
037036,B689
037037,F083
037038,F219
037039,F288
037040,F363
037041,F597
037042,F627
037044,F706
037045,F718
037046,G205
037047,G570
037048,G643
037050,H678
037051,G566
037052,H896
037053,G467
037054,H945
037055,I110
037056,I191
037057,G972
037059,L762
037060,M185
037061,M320
037062,M369
038001,A393
038003,A965
038004,C469
038005,C814
038006,C912
038007,C980
038008,D548
038010,E320
038011,E410
038012,F016
038014,F156
038017,G184
038018,G768
038019,G916
038022,L868
038023,M110
038025,E107
038027,M323
038028,M381
038029,M410
038030,M409
039001,A191
039002,A547
039003,A551
039004,B188
039005,B982
039006,C065
039007,C553
039008,C963
039009,D121
039010,D458
039011,D829
039012,E730
039013,F029
039014,H199
039015,H302
039016,H642
039017,I196
039018,I787
040001,A565
040003,A809
040004,B001
040005,C339
040007,C573
040008,C574
040009,C777
040011,D357
040012,D704
040013,D705
040014,D867
040015,D899
040016,D935
040018,E675
040019,F097
040020,F139
040022,F259
040028,F668
040031,G904
040032,H017
040033,H034
040036,H437
040037,H542
040041,I027
040043,I310
040044,I444
040045,I472
040046,I779
040049,L361
040050,L764
041001,A035
041002,A327
041005,A740
041006,B026
041007,B352
041008,B636
041009,B816
041010,B846
041013,D488
041014,D541
041015,D749
041016,D791
041017,D807
041018,D808
041019,D836
041020,E122
041021,E351
041022,E743
041023,E785
041025,F135
041026,F136
041027,F310
041028,F347
041029,F348
041030,F450
041031,F467
041032,F474
041033,F478
041034,F497
041035,F524
041036,F533
041038,F589
041041,G416
041043,G453
041044,G479
041045,G514
041047,G551
041048,G627
041049,G682
041051,H809
041054,H958
041057,I287
041058,I344
041060,I460
041061,I654
041064,L078
041065,L081
041066,L498
041067,L500
041068,M331
041069,M380
041070,M379
041071,M413
042001,A092
042002,A271
042003,A366
042004,A626
042005,A769
042006,B468
042007,B470
042008,C060
042010,C100
042011,C152
042012,C248
042013,C524
042014,C615
042015,D007
042016,D211
042017,D451
042018,D472
042019,D597
042020,D965
042021,E388
042022,E690
042023,E837
042024,F145
042025,F381
042026,F453
042027,F560
042029,F600
042030,F634
042031,F745
042032,F978
042033,G003
042034,G157
042035,F401
042036,F581
042037,G771
042038,G803
042040,H575
042041,H979
042042,I071
042043,I251
042044,I461
042045,I608
042046,I643
042047,I653
042048,I758
042049,I932
042050,M318
043002,A329
043003,A334
043004,A739
043005,A947
043006,B398
043007,B474
043008,B562
043009,C251
043010,C267
043011,C582
043012,C704
043013,C770
043014,C886
043015,D042
043016,D429
043017,D564
043019,D628
043020,D853
043021,E228
043022,E694
043023,E783
043024,F051
043025,F268
043026,F454
043027,F460
043028,F482
043029,F496
043030,F552
043031,F621
043032,F622
043033,F749
043034,F793
043035,G436
043036,G515
043038,G657
043039,G690
043040,D566
043041,F567
043042,G919
043043,F632
043044,H211
043045,H323
043046,H876
043047,I156
043048,I286
043049,I436
043050,I569
043051,I651
043052,I661
043053,L191
043054,L366
043055,L501
043056,L517
043057,M078
043058,M382
044001,A044
044002,A047
044005,A335
044006,A437
044007,A462
044010,B727
044011,C093
044012,C321
044013,C331
044014,C877
044015,C935
044016,D096
044017,D210
044020,D652
044021,D691
044023,E207
044027,E868
044029,F044
044031,F380
044032,F415
044034,F487
044036,F501
044038,F516
044044,F570
044045,F591
044054,G005
044056,G289
044063,H321
044064,H390
044065,H588
044066,H769
044071,I912
044073,L728
045001,A496
045002,A576
045003,B832
045004,B979
045005,C914
045006,D590
045007,D629
045008,D735
045009,E574
045010,F023
045011,F679
045012,F802
045013,G746
045014,G870
045015,L386
045016,L946
045017,M169
046001,A241
046002,A560
046003,A657
046004,B007
046005,B455
046006,B557
046007,B648
046008,B760
046009,C236
046010,C303
046011,C996
046013,D730
046014,D734
046015,D874
046017,E715
046018,F035
046019,F225
046020,F283
046021,F452
046022,G480
046023,G582
046024,G628
046025,G648
046026,G882
046027,I142
046028,I622
046030,I942
046031,L533
046033,L833
046034,L913
046035,L926
046036,M319
046037,M347
047002,A071
047003,B251
047005,E432
047006,E451
047007,E960
047008,F025
047009,F384
047010,F410
047011,A561
047012,G491
047013,G636
047014,G713
047016,G833
047017,H109
047018,H744
047020,I660
047021,L522
047022,C631
047023,M376
047024,M377
048001,A564
048002,A632
048004,B036
048005,B406
048006,B507
048008,B684
048010,C101
048011,C529
048012,C540
048013,D299
048014,D403
048015,D575
048017,D612
048018,D613
048019,D815
048020,D895
048021,E169
048022,E291
048024,E466
048025,E668
048026,E971
048027,F398
048028,F551
048030,F648
048031,G270
048032,G420
048033,G825
048035,H222
048036,H286
048037,H635
048038,H791
048039,H937
048041,B962
048043,I684
048044,I728
048046,L529
048049,L838
048050,M059
048052,M321
048053,M326
048054,M408
049001,A852
049002,B509
049003,B553
049004,B669
049005,B685
049006,C044
049007,C415
049008,C869
049009,E625
049010,E930
049011,E931
049012,G687
049013,E680
049014,G912
049017,H570
049018,I390
049019,I454
049020,L019
049021,M391
050001,A864
050002,B303
050003,B390
050004,B392
050005,B647
050006,B878
050008,B950
050009,C113
050010,C174
050011,C244
050012,C609
050014,D510
050015,E250
050016,E413
050019,F458
050020,F640
050021,F661
050022,F686
050023,G090
050024,G254
050025,G395
050026,G702
050027,G804
050028,G822
050029,G843
050030,H319
050031,A562
050032,I046
050033,I177
050034,I217
050035,I232
050036,L138
050037,L702
050038,L850
050039,M126
050040,M327
050041,M328
051001,A291
051002,A390
051003,A541
051004,A851
051005,B243
051006,B670
051007,B693
051008,C102
051010,C263
051011,C318
051012,C319
051013,C407
051014,C648
051015,C663
051016,C774
051017,D077
051018,D649
051020,E693
051021,E718
051022,E933
051023,F565
051024,F594
051025,F628
051026,F656
051027,G139
051030,G653
051031,G879
051033,H901
051034,I155
051035,I681
051037,I991
051038,L038
051039,L123
051040,M322
051041,M329
051042,M392
052001,A006
052002,A461
052003,B269
052004,B984
052005,C172
052006,C227
052007,C313
052008,C587
052009,C608
052010,C661
052011,C662
052012,C847
052013,D858
052015,F592
052016,F598
052017,F605
052018,F676
052019,F815
052020,G547
052021,G602
052022,G752
052023,H153
052024,H156
052025,H157
052026,H185
052027,H790
052028,H875
052030,I135
052031,I445
052032,I726
052033,A468
052034,I877
052035,L303
052036,L384
052037,M378
053001,A369
053002,B497
053003,B646
053004,C085
053005,C147
053006,C310
053007,C705
053008,C782
053009,D656
053010,D948
053011,E202
053012,E348
053013,E810
053014,E875
053015,F032
053016,F437
053017,F677
053018,G088
053019,G716
053020,H417
053021,H449
053022,I187
053023,I504
053024,I510
053025,I571
053026,I841
053027,F612
053028,I601
054001,A475
054002,A710
054003,A832
054004,A835
054005,B504
054006,B609
054007,B948
054008,C252
054009,C309
054010,C527
054011,C742
054012,C744
054013,C745
054014,C845
054015,C990
054016,D108
054017,D279
054018,D653
054019,D745
054020,D787
054021,E012
054022,E229
054023,E230
054024,E256
054025,E613
054026,E805
054027,E975
054028,F024
054029,F456
054030,F492
054031,F540
054032,F629
054033,F685
054034,F911
054035,F935
054036,G212
054037,G308
054038,G359
054039,G478
054040,G601
054041,G618
054042,G758
054043,H015
054044,H935
054045,I263
054046,I522
054047,I523
054048,I585
054049,I727
054050,I888
054051,I921
054052,L188
054053,L216
054054,L397
054055,L466
054056,D786
054057,L573
054058,L627
054059,L653
055001,A045
055002,A207
055003,A242
055004,A262
055005,A439
055006,A490
055007,A691
055008,B446
055009,C117
055010,C289
055011,D454
055012,D538
055013,D570
055014,E045
055015,E241
055016,E729
055017,F457
055018,F462
055019,F510
055020,F513
055021,F543
055022,F844
055023,G148
055024,G189
055025,G344
055026,G432
055027,G790
055028,G881
055029,H857
055030,I381
055031,I981
055032,L117
055033,M258
056001,A040
056002,A412
056003,A577
056004,A628
056005,A704
056006,A706
056007,A857
056008,A949
056009,A955
056010,B388
056011,B597
056012,B604
056013,B663
056014,B688
056015,B691
056016,B735
056017,C269
056018,C315
056019,C446
056020,C447
056021,C765
056022,C780
056023,C988
056024,D452
056025,D475
056026,D503
056027,D870
056028,E126
056029,E128
056030,E210
056031,E330
056032,E467
056033,E713
056034,E978
056035,F419
056036,F499
056037,F603
056038,F606
056039,F868
056040,G065
056041,G111
056042,G135
056043,G571
056044,H071
056045,H534
056046,H913
056047,H969
056048,I855
056049,L017
056050,D024
056051,L150
056052,L310
056053,L569
056054,L612
056055,A701
056056,L713
056057,L814
056058,L882
056059,M082
056060,M086
057001,A019
057002,A258
057003,A315
057004,A464
057005,A765
057006,A981
057007,B008
057008,A996
057009,B627
057010,B631
057011,B934
057012,A472
057013,C098
057014,C224
057015,C268
057016,C746
057017,C749
057018,C841
057019,C857
057020,C859
057021,C876
057022,C880
057023,C946
057024,C959
057025,C969
057026,D124
057027,D493
057028,D560
057029,D689
057030,D785
057031,E160
057032,E393
057033,E535
057034,E681
057035,E812
057036,E927
057037,F193
057038,F319
057039,F430
057040,F446
057041,F541
057042,F579
057043,F619
057044,F687
057045,F746
057046,F876
057047,B595
057048,G232
057049,G498
057050,G513
057051,G756
057052,G757
057053,G763
057054,G764
057055,G765
057056,G770
057057,G934
057058,G951
057059,H282
057060,H354
057061,H427
057062,H446
057063,H713
057064,I499
057065,I581
057066,I959
057067,L046
057068,L189
057069,L293
057070,L286
057071,G507
057072,L525
057073,L676
058001,A062
058002,A084
058003,A132
058004,A210
058005,A297
058006,A309
058007,A323
058008,A370
058009,A401
058010,A446
058011,A449
058012,A749
058013,B114
058014,B472
058015,B496
058016,B576
058017,B635
058018,B649
058019,B687
058020,B828
058021,B932
058022,C116
058023,C203
058024,C237
058025,C266
058026,C390
058027,C518
058028,C543
058029,C552
058030,C677
058031,C702
058032,C773
058033,C784
058034,C858
058035,C900
058036,D561
058037,D586
058038,D707
058039,D773
058040,D875
058041,D945
058042,D964
058043,D972
058044,D978
058045,E091
058046,E204
058047,E263
058048,E382
058049,E392
058050,C767
058051,E576
058052,E813
058053,B632
058054,E900
058055,E908
058056,E924
058057,E958
058058,F064
058059,F127
058060,F477
058061,F504
058062,F534
058063,F545
058064,F590
058065,F611
058066,F692
058067,F730
058068,F734
058069,F857
058070,F865
058071,F871
058072,F880
058073,G022
058074,G274
058075,G293
058076,G444
058077,G704
058078,G784
058079,G811
058080,G874
058081,H267
058082,H288
058083,H300
058084,H387
058085,H401
058086,H404
058087,H411
058088,H432
058089,H441
058090,H494
058091,H501
058092,H618
058093,H658
058094,H745
058095,H942
058096,I125
058097,I255
058098,I284
058099,I352
058100,I400
058101,I424
058102,I573
058103,I992
058104,L182
058105,L192
058106,L302
058107,L401
058108,L611
058109,L625
058110,L639
058111,L719
058112,L851
058113,M095
058114,M141
058115,M207
058116,M212
058117,M213
058118,M272
058119,M295
058120,M297
058122,M309
059001,A341
059002,A707
059003,B527
059004,C104
059005,C740
059006,D003
059007,D662
059008,D708
059009,D843
059010,E375
059011,E472
059012,E527
059013,E798
059014,F224
059015,F616
059016,F937
059017,G865
059018,G871
059019,G698
059020,H076
059021,H413
059022,H421
059023,H444
059024,H647
059025,H836
059026,I339
059027,I634
059028,I712
059029,I832
059030,I892
059031,I902
059032,L120
059033,L742
060001,A032
060002,A054
060003,A123
060004,A244
060005,A256
060006,A269
060007,A348
060008,A363
060009,A421
060010,A433
060011,A486
060012,A502
060013,A763
060014,A720
060015,B195
060016,B543
060017,B862
060018,B919
060019,C034
060020,C177
060021,C223
060022,C340
060023,C338
060024,C413
060025,C479
060026,C545
060027,C836
060028,C864
060029,C870
060030,C998
060031,D440
060032,D483
060033,D539
060034,D591
060035,A310
060036,D667
060037,D682
060038,D810
060039,D819
060040,D881
060041,E057
060042,E236
060043,E340
060044,F620
060045,F740
060046,G276
060047,G362
060048,G374
060049,G500
060050,G591
060051,G592
060052,G598
060053,G659
060054,G662
060055,G749
060056,G838
060057,G935
060058,H324
060059,H393
060060,H443
060061,H779
060062,H824
060063,H880
060064,H917
060065,I256
060066,I265
060067,I302
060068,I321
060069,I351
060070,I408
060071,I669
060072,I697
060073,I716
060074,I838
060075,I973
060076,L009
060077,L105
060078,L243
060079,L290
060080,L398
060081,L437
060082,L598
060083,L605
060084,L614
060085,L780
060086,L836
060087,L843
060088,A081
060089,L905
060090,I364
060091,M083
061001,A106
061002,A200
061003,A243
061004,A403
061005,A512
061006,A579
061007,A755
061008,B361
061009,B362
061010,B445
061011,B477
061012,B581
061013,B667
061014,B704
061015,B715
061016,B779
061017,B781
061018,B860
061019,B872
061020,B916
061021,B935
061022,B963
061023,B494
061024,C097
061025,C178
061026,C211
061027,C291
061028,C558
061029,C561
061030,C716
061031,C939
061032,D228
061033,D361
061034,D683
061035,D709
061036,D769
061037,D799
061038,D884
061039,D886
061040,E011
061041,E039
061042,E158
061043,E173
061044,E554
061045,E570
061046,E754
061047,E784
061048,E791
061049,E932
061050,E998
061051,F203
061052,F352
061053,G130
061054,G333
061055,G364
061056,G541
061057,G596
061058,G620
061059,G630
061060,G661
061061,G849
061062,G903
061063,G991
061064,G995
061065,H045
061066,H202
061067,H210
061068,H268
061069,H398
061070,H423
061071,H436
061072,H459
061073,H165
061074,H798
061075,H834
061076,H939
061077,H978
061078,I056
061079,I113
061080,I130
061081,I131
061082,I233
061083,I234
061084,I247
061085,I261
061086,I273
061087,I306
061088,I676
061089,I885
061090,I993
061091,L083
061092,L155
061093,L205
061094,L379
061095,L540
061096,L594
061097,L591
061098,D801
061099,L844
061100,M092
061101,D471
061102,M262
061103,M260
061104,F043
062001,A110
062002,A265
062003,A328
062004,A330
062005,A431
062006,A432
062007,A696
062008,A783
062009,A970
062010,B239
062011,B267
062012,B444
062013,B541
062014,B542
062015,B873
062016,C106
062017,C245
062018,C250
062019,C280
062020,C284
062021,C359
062022,C476
062023,C525
062024,C719
062025,C846
062026,D230
062027,D380
062028,D386
062029,D469
062030,D644
062031,D650
062032,D693
062033,D755
062034,D756
062035,D784
062036,E034
062037,E249
062038,E589
062039,F113
062040,F274
062041,F287
062042,F494
062043,F636
062044,F717
062045,G227
062046,G243
062047,G311
062048,G318
062049,G386
062050,G494
062051,G626
062052,G631
062053,G827
062054,G848
062055,H087
062056,H227
062057,H764
062058,H894
062059,H898
062060,H953
062061,H955
062062,H967
062063,H973
062064,H984
062065,I002
062066,I049
062067,I062
062068,I145
062069,I179
062070,I197
062071,I277
062072,I455
062073,I809
062074,L086
062075,L185
062076,L254
062077,M093
062078,F557
063001,A024
063002,A064
063003,A068
063004,A268
063005,A455
063006,A535
063007,A617
063008,B076
063009,B077
063010,B227
063011,B371
063012,B452
063013,B565
063014,B696
063015,B740
063016,B759
063017,B905
063018,B922
063019,B924
063020,B925
063021,B946
063022,B980
063023,B990
063024,C129
063025,C188
063026,C495
063027,C675
063028,C697
063029,C929
063030,D170
063031,D702
063032,D789
063033,D790
063034,E054
063035,E131
063036,E224
063037,E329
063038,E396
063039,E557
063040,E620
063041,E906
063042,E954
063043,E955
063044,F030
063045,F111
063046,F162
063047,F488
063048,F799
063049,F839
063050,F924
063051,G190
063052,G283
063053,G568
063054,G670
063055,G762
063056,G795
063057,G812
063058,G813
063059,G902
063060,G964
063061,H072
063062,H101
063063,H114
063064,H243
063065,H433
063066,H860
063067,H892
063068,H931
063069,I073
063070,I151
063071,I208
063072,I262
063073,I293
063074,I300
063075,I391
063076,I469
063077,I540
063078,I652
063079,I820
063080,I862
063081,I978
063082,L142
063083,L245
063084,L259
063085,L460
063086,L845
063087,G309
063088,M072
063089,M115
063090,M273
063091,M280
063092,M289
064001,A101
064002,A228
064003,A284
064004,A347
064005,A399
064006,A489
064007,A508
064008,A509
064009,A566
064010,A580
064011,A881
064012,A975
064013,B367
064014,B374
064015,B415
064016,B590
064017,B674
064018,B706
064019,B776
064020,B866
064021,B997
064022,C058
064023,C105
064024,C283
064025,C557
064026,C576
064027,C606
064028,C659
064029,C971
064030,C976
064031,D331
064032,D638
064033,D671
064034,D701
064035,D798
064036,D998
064037,E161
064038,E206
064039,E214
064040,E245
064041,E397
064042,E448
064043,E487
064044,E605
064045,E746
064046,E891
064047,E997
064048,F110
064049,F141
064050,F230
064051,F397
064052,F448
064053,F491
064054,F506
064055,F511
064056,F512
064057,F546
064058,F559
064059,F566
064060,F660
064063,F744
064064,F762
064065,F798
064066,F988
064067,G165
064068,G242
064069,G340
064070,G370
064071,G519
064072,G611
064073,G629
064074,G990
064075,H006
064076,H097
064077,H128
064078,H382
064079,H438
064080,H592
064081,H733
064082,H975
064083,I016
064084,I034
064085,I061
064086,I129
064087,I163
064088,I219
064089,I264
064090,I279
064091,I280
064092,I281
064093,I301
064095,I357
064096,I471
064097,I493
064098,I606
064099,I630
064100,I756
064101,I805
064102,I843
064103,I893
064104,I990
064105,L004
064106,L061
064107,L062
064108,L102
064109,L214
064110,L272
064111,L301
064112,L399
064113,L461
064114,L589
064115,L616
064116,L739
064117,L965
064118,L973
064119,M130
064120,M203
064121,M330
065001,A023
065002,A091
065003,A128
065004,A186
065005,A230
065006,A251
065007,A294
065008,A343
065009,A460
065010,A484
065011,A487
065012,A495
065013,A674
065014,A717
065015,A756
065016,B115
065017,B242
065018,B266
065019,B351
065020,B437
065021,B476
065022,B492
065023,B555
065024,B608
065025,B644
065026,B868
065027,B888
065028,B895
065029,B959
065030,C069
065031,C125
065032,C231
065033,C235
065034,C259
065035,C262
065036,C306
065037,C361
065038,C444
065039,C470
065040,C485
065041,C584
065042,C676
065043,C879
065044,C940
065045,C973
065046,C974
065047,C984
065048,D011
065049,D195
065050,D390
065051,D527
065052,D615
065053,D826
065054,D832
065055,E026
065056,E027
065057,E037
065058,E060
065059,E365
065060,E480
065061,E485
065062,E486
065063,E498
065064,E767
065065,E814
065066,E839
065067,F138
065068,F223
065069,F278
065070,F426
065071,F479
065072,F480
065073,F481
065074,F507
065075,F618
065076,F625
065077,F731
065078,F912
065079,F913
065080,F967
065081,G011
065082,G023
065083,G039
065084,G063
065085,G121
065086,G192
065087,G226
065088,G230
065089,G292
065090,G426
065091,G447
065092,G455
065093,G476
065094,G509
065095,G538
065096,G707
065097,G793
065098,G796
065099,G834
065100,G932
065101,G939
065102,G976
065103,H062
065104,H198
065105,H277
065106,H394
065107,H412
065108,H431
065109,H485
065110,H503
065111,H564
065112,H644
065113,H654
065114,H683
065115,H686
065116,H703
065117,H732
065118,H800
065119,H907
065120,H943
065121,H977
065122,I019
065123,I031
065124,I032
065125,I089
065126,I143
065127,I253
065128,I278
065129,I307
065130,I317
065131,I260
065132,I377
065133,I410
065134,I422
065135,I438
065136,I451
065137,I483
065138,I486
065139,I648
065140,I666
065141,I677
065142,I720
065143,M253
065144,G887
065145,I960
065146,D292
065147,L212
065148,L233
065149,L274
065150,L306
065151,L323
065152,L377
065153,G540
065154,L628
065155,L656
065156,L835
065157,L860
065158,M294
066001,A018
066002,A100
066003,A187
066004,A318
066005,A481
066006,A515
066007,A603
066008,A656
066009,A667
066010,A678
066011,A884
066012,B256
066013,B358
066014,B382
066015,B526
066016,B569
066017,B606
066018,B624
066019,B651
066020,B656
066021,B658
066022,B672
066023,B677
066024,B725
066025,B842
066026,C083
066027,C090
066028,C096
066029,C126
066030,C278
066031,C279
066032,C426
066033,C492
066034,C766
066035,C778
066036,C783
066037,C811
066038,C844
066039,C862
066040,C866
066041,C999
066042,D465
066043,D681
066044,D736
066045,D850
066046,E040
066047,E096
066048,E307
066049,A345
066050,E505
066051,E723
066052,E724
066053,E811
066054,F022
066055,M255
066056,F595
066057,F732
066058,F852
066059,F996
066060,G002
066061,G079
066062,G102
066063,G142
066064,G145
066065,G200
066066,G210
066067,G449
066068,G484
066069,G492
066070,G493
066071,G524
066072,G726
066073,G766
066074,G992
066075,H007
066076,H056
066077,H166
066078,H353
066079,H389
066080,H399
066081,H400
066082,H402
066083,H429
066084,H434
066085,H772
066086,H773
066087,H819
066088,I121
066089,I326
066090,I336
066091,I360
066092,I389
066093,I501
066094,I543
066095,I546
066096,I553
066097,I558
066098,I804
066099,L025
066100,L173
066101,L227
066102,L334
066103,L958
066104,M021
066105,M023
066106,M031
066107,M041
066108,M090
067001,A125
067002,A270
067003,A445
067004,A488
067005,A692
067006,A746
067007,A885
067008,B515
067009,B640
067010,C040
067011,C128
067012,C169
067013,C316
067014,C322
067015,C449
067016,C517
067017,C781
067018,C311
067019,C901
067020,C972
067021,D043
067022,D076
067023,D179
067024,D489
067025,E058
067026,E343
067027,F500
067028,F690
067029,F747
067030,F764
067031,F870
067032,F942
067033,G437
067034,G608
067035,F831
067036,H440
067037,F585
067038,I318
067039,I348
067040,I741
067041,L103
067042,L207
067043,L295
067044,L307
067045,L314
067046,L597
067047,E989
068001,A008
068002,A120
068003,A945
068004,B193
068005,B294
068006,B681
068007,B722
068008,B827
068009,C308
068010,C354
068011,C474
068012,C750
068013,C771
068014,C779
068015,C853
068016,D078
068017,D201
068018,D394
068019,D501
068020,E558
068021,E691
068022,E892
068023,F441
068024,F646
068025,F765
068026,F908
068027,G438
068028,G482
068029,G499
068030,G555
068031,G589
068032,G621
068033,G878
068034,H425
068035,H562
068036,H715
068037,I332
068038,I376
068039,I482
068040,I649
068041,I922
068042,L186
068043,L263
068044,L475
068045,L846
068046,L922
069001,A235
069002,A367
069003,A398
069004,A402
069005,A485
069006,A956
069007,B057
069008,B238
069009,B268
069010,B620
069011,B826
069012,B853
069013,B859
069014,B861
069015,B865
069016,B896
069017,B985
069018,C114
069019,C123
069020,C298
069021,C428
069022,C632
069023,C768
069024,C776
069025,C855
069026,C856
069027,D137
069028,D209
069029,D315
069030,D494
069031,D495
069032,D592
069033,D738
069034,D757
069035,D763
069036,D796
069037,D803
069038,D823
069039,D898
069040,D996
069041,E052
069042,E056
069043,E243
069044,E266
069045,E424
069046,E435
069047,E531
069048,E559
069049,E611
069050,F196
069051,F433
069052,F498
069053,F535
069054,F578
069055,F582
069056,F785
069057,G128
069058,G141
069059,G237
069060,G271
069061,G290
069062,G294
069063,G434
069064,G435
069065,G441
069066,G724
069067,G760
069068,G799
069069,H052
069070,H098
069071,H184
069072,H320
069073,H424
069074,H439
069075,H442
069076,H448
069077,H495
069078,H566
069079,H784
069080,H923
069081,D690
069082,H991
069083,I148
069084,I244
069085,I335
069086,I394
069087,I520
069088,I526
069089,L047
069090,L194
069091,L218
069092,L224
069093,L253
069094,L284
069095,L291
069096,L363
069097,L459
069098,L526
069099,E372
069100,L961
069101,L964
069102,M022
069103,G613
069104,D480
070001,A050
070002,A616
070003,A930
070004,A971
070005,B295
070006,B519
070007,B522
070008,B528
070009,B544
070010,B550
070011,B858
070012,B871
070013,C066
070014,C175
070015,C197
070016,C346
070017,C486
070018,C488
070019,C764
070020,C854
070021,C875
070022,C772
070023,D550
070024,D737
070025,D896
070026,E030
070027,E244
070028,E248
070029,E259
070030,E381
070031,E456
070032,E599
070033,E722
070034,E748
070035,E780
070036,E799
070037,F055
070038,F233
070039,F294
070040,F322
070041,F391
070042,F475
070043,F495
070044,F548
070045,F569
070046,F576
070047,F689
070048,F748
070049,G086
070050,G257
070051,G506
070052,G512
070053,G609
070054,G610
070055,G910
070056,H083
070057,H273
070058,H311
070059,H313
070060,H454
070061,H589
070062,H693
070063,H782
070064,H833
070065,H867
070066,H920
070067,H928
070068,H929
070069,H990
070070,I023
070071,I122
070072,I181
070073,I289
070074,I320
070075,I618
070076,I910
070077,L069
070078,L113
070079,L215
070080,L230
070081,L435
070082,L458
070083,L505
070084,M057
071001,A015
071002,A150
071003,A320
071004,A339
071005,A463
071006,A854
071007,B104
071008,B357
071009,B584
071010,B724
071011,B784
071012,B829
071013,B904
071014,B917
071015,C198
071016,C202
071017,C222
071018,C429
071019,C442
071020,C514
071021,C633
071022,D269
071023,D459
071024,D643
071025,E332
071026,E363
071027,E549
071028,E716
071029,E885
071031,F059
071032,F538
071033,F631
071034,F777
071035,G125
071036,G131
071037,G312
071038,G487
071039,G604
071040,G761
071041,H287
071042,H467
071043,H480
071044,H568
071046,H926
071047,H985
071048,H986
071049,I054
071050,I072
071051,I158
071052,I193
071053,I641
071054,I962
071055,I963
071056,L273
071058,L447
071059,L842
071060,L858
071061,M131
071062,M132
071063,M266
071064,M267
072001,A048
072002,A055
072003,A149
072004,A225
072006,A662
072008,A874
072010,A892
072011,A893
072012,A894
072014,B716
072015,B923
072016,B998
072017,C134
072018,C436
072019,C975
072020,C983
072021,E038
072022,E047
072023,E155
072024,E223
072025,E645
072027,F262
072028,F280
072029,F284
072030,F376
072031,F915
072032,F923
072033,G291
072034,G769
072035,G787
072036,H096
072037,H643
072038,H645
072039,H749
072040,I053
072041,I330
072043,L109
072044,L220
072046,L425
072047,L472
072048,L571
073001,A514
073002,B808
073003,C136
073004,D171
073005,D463
073006,D754
073007,E036
073008,E205
073009,E469
073010,E537
073011,E630
073012,E882
073013,E986
073014,E995
073015,F027
073016,F531
073017,F563
073018,F587
073019,F784
073020,G251
073021,G252
073022,H090
073023,H409
073024,H882
073025,I018
073026,I467
073027,L049
073028,L294
073029,M298
074001,B180
074002,B809
074003,C424
074004,C448
074005,C741
074006,D422
074007,D508
074008,D761
074009,E471
074010,F152
074011,G098
074012,G187
074013,H822
074014,I045
074015,I066
074016,I119
074017,I396
074018,L213
074019,L280
074020,L920
075002,A184
075003,A185
075004,A208
075005,A281
075006,A350
075007,A425
075008,A572
075009,B086
075010,B413
075011,B506
075012,B616
075013,B690
075014,B792
075015,B822
075016,B936
075017,C334
075018,C335
075019,C336
075020,C377
075021,C865
075022,C978
075023,D006
075024,D044
075025,D223
075026,D237
075027,D305
075028,D851
075029,D862
075030,D863
075031,D883
075032,E053
075033,E061
075034,E227
075035,E506
075036,E538
075037,E563
075038,E629
075039,E815
075040,E979
075041,E984
075042,F054
075043,F101
075044,F109
075045,F117
075046,F194
075047,F221
075048,F604
075049,F623
075050,F716
075051,F816
075052,F842
075053,F881
075054,F916
075055,F970
075056,G136
075057,G188
075058,G285
075059,G325
075060,G378
075061,G751
075063,H147
075064,H632
075065,H708
075066,H729
075067,H757
075068,H793
075069,H826
075070,I059
075071,I115
075072,I172
075073,I549
075074,I559
075075,I780
075076,I800
075077,I887
075078,I923
075079,I930
075080,I950
075081,L008
075082,L010
075083,L011
075084,L064
075085,L074
075086,L166
075087,L383
075088,L419
075089,L462
075090,L484
075091,L485
075092,L711
075093,L776
075094,M187
075095,M264
075096,M261
075097,M263
075098,M428
076001,A013
076002,A020
076003,A131
076004,A321
076005,A415
076006,A482
076007,A519
076008,A604
076009,A612
076010,A615
076011,A666
076012,A743
076013,B173
076014,B181
076015,B440
076016,B443
076017,B549
076018,B580
076019,B743
076020,B906
076021,C120
076022,C199
076023,C201
076024,C209
076025,C271
076026,C345
076027,C539
076028,C619
076029,D010
076030,D414
076031,D497
076032,D593
076033,D696
076034,D766
076035,D876
076036,D971
076037,E221
076038,E246
076039,E409
076040,E474
076041,E482
076042,E483
076043,E493
076044,E919
076045,E976
076046,E977
076047,F006
076048,F104
076049,F249
076050,F295
076051,F568
076052,F573
076053,F817
076054,F866
076055,F917
076056,G081
076057,G261
076058,G496
076059,G590
076060,G616
076061,G623
076062,G663
076063,G942
076064,H186
076065,H187
076066,H307
076067,H312
076068,H348
076069,H426
076070,H590
076071,H641
076072,H646
076073,H795
076074,H796
076075,H808
076076,H831
076077,H994
076078,I157
076079,I288
076080,I305
076081,I426
076082,I457
076083,G614
076084,H730
076085,I610
076086,I917
076087,L082
076088,L126
076089,L181
076090,L197
076091,L326
076092,L357
076093,L439
076094,L532
076095,L738
076096,L859
076097,L873
076098,L874
076099,E033
076100,M269
077001,A017
077002,A196
077003,A801
077004,B391
077005,C723
077006,C888
077007,D128
077008,D547
077009,D909
077010,E093
077011,E147
077012,E213
077013,E326
077014,F052
077015,F201
077016,F399
077017,F637
077018,A942
077019,G037
077020,G712
077021,G786
077022,G806
077023,H591
077024,H687
077025,H888
077026,I029
077027,I954
077028,L418
077029,L477
077030,D513
077031,M256
078001,A033
078002,A041
078003,A053
078004,A102
078005,A105
078006,A160
078007,A183
078008,A234
078009,A240
078010,A253
078011,A263
078012,A340
078013,A762
078014,A768
078015,A773
078016,A842
078017,A887
078018,A912
078019,A973
078020,B270
078021,B424
078022,B426
078023,B500
078024,B607
078025,B774
078026,B802
078027,B813
078029,C002
078030,C301
078031,C108
078032,C348
078033,C349
078034,C430
078035,C437
078036,C489
078037,C515
078038,C554
078039,C560
078040,C588
078041,C763
078042,C795
078043,C905
078045,D086
078046,D180
078047,D184
078048,D289
078049,D304
078050,D328
078051,D464
078052,D473
078053,D582
078054,D614
078055,D624
078056,D764
078057,D774
078058,D828
078059,E180
078060,E185
078061,E242
078062,E407
078063,E417
078064,E419
078065,E450
078066,E475
078067,E677
078068,E678
078069,E745
078070,E773
078071,E835
078072,E859
078073,E872
078074,E878
078075,E888
078076,E914
078077,E915
078078,F001
078079,F125
078080,F370
078081,F416
078082,F519
078083,F708
078084,F735
078085,F775
078086,F907
078087,G110
078088,G129
078089,G298
078090,G307
078091,G317
078092,G320
078093,G331
078094,G372
078096,G411
078097,G553
078098,G615
078099,G622
078100,G733
078101,G975
078102,H235
078103,H416
078104,H488
078105,H490
078106,H565
078107,H572
078109,H585
078110,H621
078111,H765
078112,H774
078113,H806
078114,H818
078115,H825
078116,H841
078117,H877
078118,H881
078119,H919
078120,H961
078121,H962
078122,H971
078123,H981
078124,H992
078125,I060
078126,I108
078127,I114
078128,I165
078129,I171
078130,I183
078131,I192
078132,C717
078133,I309
078134,I359
078135,I388
078136,I423
078137,I485
078138,I489
078139,D290
078140,I642
078142,I895
078143,I896
078145,L055
078146,L124
078147,L134
078148,L206
078149,L305
078150,L353
078152,L524
078153,L747
078154,B903
078155,M202
078156,M385
078157,M403
079002,A155
079003,A255
079004,A257
079005,A272
079007,A397
079008,A542
079009,A736
079011,B002
079012,B085
079017,B717
079018,B758
079020,B790
079023,C352
079024,C453
079025,C472
079027,C542
079029,C616
079030,C674
079033,C960
079034,D049
079036,D181
079039,D218
079042,D257
079043,D261
079047,D476
079048,D544
079052,D744
079055,D852
079056,D932
079058,E031
079059,E050
079060,E068
079061,E239
079063,E328
079065,E274
079068,E806
079069,E834
079071,E923
079072,E925
079073,E990
079074,E991
079077,F200
079080,F432
079081,F586
079083,F780
079087,F910
079088,G034
079089,G272
079092,G439
079094,G517
079095,G518
079096,D546
079099,G734
079108,H846
079110,H976
079114,I093
079115,I095
079116,I164
079117,I170
079118,I266
079122,I393
079123,I463
079126,I589
079127,I590
079129,I655
079130,I671
079131,I704
079133,I745
079134,I844
079137,I872
079138,I874
079139,I875
079142,I929
079143,I937
079146,L070
079147,L177
079148,L240
079151,I322
079157,M140
079160,M208
080001,A065
080002,A077
080003,A303
080004,A314
080005,A385
080006,A544
080007,A552
080008,A780
080009,A843
080010,A897
080011,B097
080012,B098
080013,B099
080014,B118
080015,B234
080016,B379
080017,B481
080018,B516
080019,B591
080020,B617
080021,B718
080022,B756
080023,B766
080024,B966
080025,C285
080026,C695
080027,C710
080028,C747
080029,C954
080030,D089
080031,D268
080032,D545
080033,D557
080034,D619
080035,D864
080036,D975
080037,E025
080038,E041
080039,E044
080040,E212
080041,E402
080042,E479
080043,D976
080044,E873
080045,E956
080046,E968
080047,E993
080048,F105
080049,F106
080050,F112
080051,F301
080052,F324
080053,D746
080054,F779
080055,G082
080056,G277
080057,G288
080058,G394
080059,G729
080060,G735
080061,G791
080062,G905
080063,H224
080064,H265
080065,H359
080066,H408
080067,H456
080068,H489
080069,H558
080070,H013
080071,H889
080072,H903
080073,H959
080074,H970
080075,I102
080076,I132
080077,I139
080078,I176
080079,I198
080080,I214
080081,I333
080082,I341
080083,I371
080084,I536
080085,I537
080086,I600
080087,I656
080088,I725
080089,I753
080090,I936
080091,I955
080092,I956
080093,L063
080094,L127
080095,L673
080096,M018
080097,M277
081001,A176
081002,B288
081003,B385
081004,B521
081005,C130
081006,C286
081007,D234
081008,D423
081009,D518
081010,E023
081011,E974
081012,F061
081013,G208
081014,G315
081015,G347
081016,G767
081017,H688
081018,H700
081019,I291
081020,I407
081021,L331
081022,G319
081023,M081
081024,M281
082001,A195
082002,A202
082003,A203
082004,A229
082005,A239
082006,A546
082007,A592
082008,A719
082009,A764
082010,A882
082011,A946
082012,A958
082013,A991
082014,B315
082015,B430
082016,B533
082017,B532
082018,B535
082019,B556
082020,B645
082021,B780
082022,C067
082023,C074
082024,C135
082025,C344
082026,C420
082027,C421
082028,C496
082029,C654
082030,C696
082031,C708
082032,C871
082033,C968
082034,D009
082035,D567
082036,D907
082037,D977
082038,E013
082039,E055
082040,E074
082041,E149
082042,E337
082043,E350
082044,E459
082045,E541
082046,E957
082047,F184
082048,F246
082049,F377
082050,F544
082051,F553
082052,G263
082053,G273
082054,G348
082055,G510
082056,G511
082057,G543
082058,G792
082059,G797
082060,H070
082061,H422
082062,H428
082063,H797
082064,H933
082065,I028
082066,I174
082067,I188
082068,I534
082069,I541
082070,L112
082071,L131
082072,L282
082073,L317
082074,L332
082075,L519
082076,L603
082077,L740
082078,L837
082079,L916
082080,L951
082081,I538
082082,M268
083001,A177
083002,A194
083003,A201
083004,A313
083005,A638
083006,A698
083007,B198
083008,B660
083009,B666
083010,B695
083011,B804
083012,B918
083013,C094
083014,C051
083015,C210
083016,C347
083017,C568
083018,C956
083019,D474
083020,D569
083021,D622
083022,D635
083023,D661
083024,D733
083025,D765
083026,D793
083027,D824
083028,D825
083029,D844
083030,D861
083031,D885
083032,E014
083033,E043
083034,E142
083035,E233
083036,E374
083037,E523
083038,E555
083039,E571
083040,E594
083041,E606
083042,E674
083043,E855
083044,E869
083045,E876
083046,F066
083047,F147
083048,F158
083049,F206
083050,F210
083051,F242
083052,F251
083053,F277
083054,F359
083055,F368
083056,F395
083057,F400
083058,F772
083059,F773
083060,F848
083061,F901
083062,F951
083063,G036
083064,G209
083065,G234
083066,G377
083067,G522
083068,G699
083069,H151
083070,H228
083071,H405
083072,H418
083073,H380
083074,H455
083075,H479
083076,H519
083077,H842
083078,H850
083079,H982
083080,I084
083081,I086
083082,I147
083083,I184
083084,I199
083085,I215
083086,I220
083087,I254
083088,I283
083089,I311
083090,I328
083091,I370
083092,I420
083093,I477
083094,I492
083095,I747
083096,I881
083097,L042
083098,L271
083099,L308
083100,L431
083101,L478
083102,L482
083103,L561
083104,L735
083105,L950
083106,M210
083107,M211
083108,M286
084001,A089
084002,A181
084003,A351
084004,A896
084005,B275
084006,B377
084007,B427
084008,B460
084009,B486
084010,B520
084011,B602
084012,C275
084013,C341
084014,C356
084015,C668
084016,C928
084017,D514
084018,E209
084019,E390
084020,E431
084021,E573
084022,E714
084023,F126
084024,F414
084025,F655
084026,F845
084027,G282
084028,F299
084029,H148
084030,H159
084031,H194
084032,H205
084033,H269
084034,H743
084035,H778
084036,H914
084037,I185
084038,I224
084039,I290
084040,I356
084041,I533
084042,I723
084043,L944
085001,A049
085002,A957
085003,B302
085004,B429
085005,B537
085006,D267
085007,D960
085008,E953
085009,F065
085010,E618
085011,F489
085012,F830
085013,F899
085014,H245
085015,H281
085016,H792
085017,I169
085018,I644
085019,I824
085020,L016
085021,L609
085022,L959
086001,A070
086002,A098
086003,A478
086004,A676
086005,B381
086006,C353
086007,C471
086008,C480
086009,C342
086010,D849
086011,E536
086012,F892
086013,F900
086014,G580
086015,G624
086016,H221
086017,I891
086018,L448
086019,L583
086020,M011
087001,A025
087002,A026
087003,A027
087004,A028
087005,A029
087006,A056
087007,A766
087008,A841
087009,B202
087010,B384
087011,B428
087012,B561
087013,C091
087014,C297
087015,C351
087016,D623
087017,E017
087018,E133
087019,E156
087020,E578
087021,E602
087022,E854
087023,F004
087024,F005
087025,F209
087026,F214
087027,F217
087028,F231
087029,F250
087030,F781
087031,F890
087032,G253
087033,G371
087034,G402
087035,G597
087036,H154
087037,H168
087038,H175
087039,H325
087040,H805
087041,H922
087042,H940
087043,I035
087044,I098
087045,I202
087046,I216
087047,I240
087048,I314
087049,I548
087050,L355
087051,L369
087052,L658
087053,L828
087054,M100
087055,M139
087056,M271
087057,M283
087058,M287
088001,A014
088002,C612
088003,C927
088004,E016
088005,E366
088006,F258
088007,F610
088008,G953
088009,H163
088010,I178
088011,I535
088012,M088
089001,A494
089002,A522
089003,B237
089004,B287
089005,B603
089006,B787
089007,C006
089008,D540
089009,D636
089010,D768
089011,E532
089012,F107
089013,F943
089014,G211
089015,G267
089016,H574
089017,I754
089018,I785
089019,I864
089020,M257
089021,M279
090001,A069
090002,A115
090003,A192
090004,A287
090005,A379
090006,A453
090007,A606
090008,A781
090009,A789
090010,A827
090011,A976
090012,A977
090013,A978
090014,B063
090015,B064
090016,B094
090017,B246
090018,B264
090019,B265
090020,B276
090021,B378
090022,B772
090023,C272
090024,C600
090025,C613
090026,C818
090027,D100
090028,D441
090029,D637
090030,E019
090031,E285
090032,E376
090033,E377
090034,E401
090035,E425
090036,E747
090037,E752
090038,E902
090039,E992
090040,F542
090041,F667
090042,F721
090043,F818
090044,F975
090045,F976
090046,F977
090047,G015
090048,G046
090049,G153
090050,G156
090051,G178
090052,G203
090053,G225
090054,G258
090055,G376
090056,G450
090057,G740
090058,G924
090059,G962
090060,H095
090061,H507
090062,H848
090063,I312
090064,I452
090065,I565
090066,I598
090067,I614
090068,I732
090069,I863
090070,L093
090071,L158
090072,L180
090073,L235
090074,L428
090075,L464
090076,L503
090077,L509
090078,L989
090079,L604
090080,L088
090081,M214
090082,M259
090083,M274
090084,M275
090085,M276
090086,M282
090087,M284
090088,M292
090089,M290
090090,M301
090091,B248
090092,I329
091001,A407
091002,A454
091003,A492
091004,A503
091005,A663
091006,A722
091007,A776
091008,A880
091009,A895
091010,A948
091011,B056
091012,B062
091016,D287
091017,D345
091018,D376
091019,D395
091024,D665
091025,D842
091026,D859
091027,D888
091028,D947
091031,E049
091032,E283
091033,E323
091035,E387
091037,E441
091038,E517
091039,E644
091040,E646
091041,E647
091042,E700
091043,E736
091044,E788
091046,E874
091047,F073
091050,F933
091051,F979
091055,G031
091056,G044
091057,G058
091058,G064
091059,G070
091060,G071
091061,G084
091062,G097
091063,G119
091064,G120
091066,G146
091067,G147
091068,G154
091069,G158
091070,G191
091071,G201
091072,G445
091073,G929
091077,I448
091083,I730
091084,I748
091085,I751
091086,I851
091088,L036
091089,L140
091090,L153
091091,L160
091093,L202
091094,L231
091095,A355
091097,L423
091098,L489
091099,L506
091100,L514
091101,L953
091103,M285
091104,E649
092003,A474
092009,B354
092011,B675
092015,D259
092037,E903
092050,H088
092051,H118
092066,I443
092068,I580
092074,I695
092075,I699
092080,I752
092090,L521
092099,I118
092105,H119
092108,D399
092109,F383
093001,A283
093002,A354
093004,A516
093005,A530
093006,A640
093007,B215
093008,B247
093009,B598
093010,B940
093011,C217
093012,C385
093013,C640
093014,C699
093015,C790
093016,C791
093017,C991
093018,C993
093019,D426
093020,D487
093021,D621
093022,D670
093024,D804
093025,E889
093026,F089
093027,F596
093028,F750
093029,G353
093030,G680
093031,G780
093032,G886
093033,G888
093034,G994
093035,H010
093036,H609
093037,H657
093038,H891
093039,H999
093040,I136
093041,I403
093042,I621
093043,I686
093044,I904
093045,L324
093046,L325
093047,L347
093049,M085
093050,M096
093051,M190
093052,M265
093053,M346
094001,A051
094002,A080
094003,A567
094004,A761
094005,B630
094006,B682
094007,B810
094008,B830
094009,C082
094010,C246
094011,C247
094012,C270
094013,C200
094014,C534
094015,C620
094016,C769
094017,C878
094018,C941
094019,D595
094020,D703
094021,D715
094022,D811
094023,E335
094024,E669
094025,E778
094026,E779
094027,F239
094028,F429
094029,F580
094030,F601
094031,G486
094032,G495
094033,G497
094034,G523
094035,G606
094036,G727
094037,B317
094038,G954
094039,H308
094040,H420
094041,H445
094042,H458
094043,I096
094044,I189
094045,I238
094046,I282
094047,B466
094048,I507
094049,I679
094050,I682
094051,L696
094052,L725
095001,A007
095002,A097
095003,A126
095004,A180
095005,A204
095006,A357
095007,A380
095008,A477
095009,A480
095010,A614
095011,A621
095012,A655
095013,A721
095014,A856
095015,A960
095016,B055
095017,B281
095018,B314
095019,D200
095020,D695
095021,E004
095022,E087
095023,D585
095024,E088
095025,E972
095026,F050
095027,F208
095028,F270
095029,F272
095030,F727
095031,F840
095032,F867
095033,F934
095034,F974
095035,F980
095036,F985
095037,G043
095038,G113
095039,G286
095040,G379
095041,G384
095042,G817
095043,H301
095044,F271
095045,H756
095046,A368
095047,I205
095048,I298
095049,I374
095050,I384
095051,I503
095052,I564
095053,I605
095054,I609
095055,I613
095056,I717
095057,I718
095058,I742
095059,I743
095060,I749
095061,I757
095062,I791
095063,I861
095064,L023
095065,L122
095066,L321
095067,L393
095068,L488
095069,L496
095070,L508
095071,L991
095072,M030
095073,A609
095074,M153
095075,M168
095076,I721
095077,D214
095078,I778
095079,B068
095080,D640
095082,E400
095083,E825
095084,F261
095085,F698
095086,H661
095087,L006
095088,L172
096001,A107
096002,A280
096003,A784
096004,A859
096005,A876
096006,B058
096007,B229
096008,B417
096009,B457
096010,B465
096012,B586
096013,B708
096014,B933
096015,C155
096016,C363
096018,C532
096019,C819
096020,D094
096021,D165
096023,D219
096024,D339
096025,D350
096026,D848
096027,E024
096028,E130
096030,E821
096031,F037
096032,F042
096033,F167
096034,F189
096035,F369
096037,F776
096038,F833
096039,F878
096040,F992
096041,F993
096042,G521
096043,G577
096044,G594
096046,G798
096047,G820
096048,G927
096049,G980
096050,G974
096053,H538
096054,H553
096055,H561
096056,H662
096057,H681
096058,H726
096059,H821
096063,I847
096064,I868
096065,I980
096066,L075
096067,L116
096068,L193
096069,L239
096071,L556
096072,L586
096074,L620
096075,L712
096076,L785
096077,L880
096078,L933
096079,L978
096080,M098
096081,M179
096082,M196
096083,M201
096085,M371
096086,M373
096087,M414
096088,M417
097001,A005
097002,A112
097003,A301
097004,A594
097005,A683
097006,A686
097007,A687
097008,A745
097009,B081
097010,B194
097011,B261
097012,B396
097013,B423
097014,B763
097015,B937
097016,B943
097017,B996
097018,C024
097019,C187
097020,C521
097021,C563
097022,C752
097023,C839
097024,C851
097025,D065
097026,D112
097027,D131
097028,D143
097029,D145
097030,D280
097031,D327
097032,D346
097033,D398
097034,D428
097035,D436
097036,D865
097037,D913
097038,D926
097039,E287
097040,E305
097042,E507
097043,E581
097044,E656
097045,E858
097046,E879
097047,E947
097048,F133
097049,F248
097050,F265
097051,F304
097052,F561
097053,F657
097054,F674
097055,F758
097056,F887
097057,G009
097058,G026
097059,G030
097060,G040
097061,G161
097062,G218
097063,G241
097064,G336
097065,G368
097067,G456
097068,G485
097069,H028
097070,H063
097071,G223
097072,H486
097074,I243
097075,I759
097076,I761
097077,I994
097078,I996
097079,L022
097082,L581
097083,L634
097084,L680
097086,L751
097090,L866
097091,M337
097092,M348
097093,M395
098001,A004
098002,A811
098003,A919
098004,A995
098005,B017
098006,B141
098008,B887
098009,B899
098010,B910
098011,B961
098012,B958
098013,C228
098014,C304
098015,C329
098017,C394
098018,C555
098019,C816
098020,C917
098021,D021
098022,D028
098023,D029
098024,D068
098025,D159
098026,D660
098027,D868
098028,E127
098029,E238
098030,E627
098031,E648
098032,E651
098033,E777
098034,E840
098035,E852
098036,E994
098037,F028
098038,F102
098039,F149
098040,F423
098041,F801
098042,G107
098043,G166
098044,G171
098045,G096
098046,H701
098047,H844
098048,I012
098049,I140
098050,I274
098051,I362
098052,I561
098053,I612
098054,I815
098055,I848
098056,F260
098057,L125
098058,L469
098059,L572
098060,L977
098061,M158
098062,M393
099001,A747
099002,C357
099003,D004
099004,D961
099005,F244
099006,F346
099008,F502
099009,F523
099011,F715
099013,H274
099014,H294
099015,H724
099016,H801
099017,H921
099018,I304
099020,L797
099021,C080
099022,E838
099023,F137
099024,G433
099025,H949
099026,I201
099027,L034
099028,M324
099029,M368
100001,B626
100002,B794
100003,F572
100004,G754
100005,G999
100006,L537
100007,L775
101001,A772
101002,B319
101003,B771
101004,B857
101005,B968
101006,C501
101007,C725
101008,C726
101009,D123
101010,D122
101011,D189
101012,D236
101013,E339
101014,F108
101015,F157
101016,G278
101017,G508
101018,H383
101019,H403
101020,I026
101021,I057
101022,I308
101023,I468
101024,I494
101025,I982
101026,L492
101027,L802
102001,A043
102002,A386
102003,B169
102004,B197
102005,B655
102006,C581
102007,D253
102008,D303
102009,D364
102010,D453
102011,D587
102012,D589
102013,D596
102014,D762
102015,D767
102016,D988
102017,E321
102018,E389
102019,E590
102020,E836
102021,F207
102022,F364
102023,F607
102024,F843
102025,F893
102026,G335
102027,G722
102028,G728
102029,G785
102030,H271
102031,H516
102032,H785
102033,H807
102034,H941
102035,I058
102036,I350
102037,I639
102038,I744
102039,I853
102040,I854
102041,I884
102042,I905
102043,I945
102044,L452
102045,L607
102046,L699
102047,F537
102048,M138
102049,M143
102050,M204
103001,A317
103002,A325
103003,A409
103004,A427
103005,A497
103006,A534
103007,A610
103008,A725
103009,A733
103010,A742
103011,A834
103012,A925
103013,B207
103014,B380
103015,B463
103016,B610
103017,B615
103018,B694
103019,B876
103021,C478
103022,C567
103023,D099
103024,D134
103025,D168
103026,D177
103028,D332
103029,D374
103031,D706
103032,D984
103033,E003
103034,E028
103035,E153
103036,E269
103037,E304
103038,E685
103039,E790
103040,E795
103041,E853
103042,F010
103043,F048
103044,F146
103045,F192
103046,F483
103047,F639
103048,F932
103049,G007
103050,G062
103051,G117
103052,G280
103053,G600
103054,G658
103055,H030
103056,H033
103057,H037
103058,H106
103059,H107
103060,H203
103061,H777
103062,I249
103064,I976
103065,L187
103066,L333
103067,L336
103068,L450
103069,L651
103070,L666
103071,L691
103072,L746
103074,L889
103075,L906
103076,M042
103077,M111
103078,M370
103079,M404
108001,A087
108002,A096
108003,A159
108004,A376
108005,A668
108006,A759
108007,A802
108008,A818
108009,A849
108010,B105
108011,B187
108012,B212
108013,B272
108014,B501
108015,B729
108016,B798
108017,C395
108018,C512
108019,C566
108020,C820
108021,C952
108022,D038
108023,D286
108024,E063
108025,E504
108026,E550
108027,E591
108028,E617
108029,E786
108030,F078
108031,F165
108032,F247
108033,F704
108034,F797
108035,F944
108036,G116
108037,H233
108038,H537
108039,I625
108040,I709
108041,I878
108042,I998
108043,L434
108044,L511
108045,L677
108046,L704
108047,L709
108048,L744
108049,M017
108050,M052
108051,B289
108052,B671
108053,D019
108054,E530
108055,H529
109001,A233
109002,A252
109003,A760
109004,B534
109005,D477
109006,D542
109007,D760
109008,E208
109009,E447
109010,E807
109011,F021
109012,F379
109013,F428
109014,F493
109015,F509
109016,F517
109017,F520
109018,F522
109019,F536
109020,F549
109021,F599
109022,F614
109023,F626
109024,F653
109025,F664
109026,F665
109027,F697
109028,F722
109029,G137
109030,G403
109031,G516
109032,G873
109033,G920
109034,G921
109035,H182
109036,I315
109037,I324
109038,C070
109039,I774
109040,L279
110001,A285
110002,A669
110003,A883
110004,B619
110005,E946
110006,F220
110007,H839
110008,I907
110009,L328
110010,B915
111001,A359
111002,A419
111003,A597
111004,A677
111005,A681
111006,B250
111007,B274
111008,B383
111009,B745
111010,B789
111011,M288
111012,C882
111013,D260
111014,D323
111015,D333
111016,D334
111017,D344
111018,D430
111019,D431
111020,D443
111021,D639
111022,D827
111023,D968
111024,D970
111025,D982
111026,D994
111027,D997
111028,E022
111029,E084
111030,E086
111031,E085
111032,E234
111033,E252
111034,E270
111035,E281
111036,E336
111037,E464
111038,E742
111039,E877
111040,M270
111041,F333
111042,F808
111043,F822
111044,F841
111045,F981
111046,F982
111047,F983
111048,F986
111049,F991
111050,G122
111051,G133
111052,G207
111053,G382
111054,G446
111055,G669
111056,M291
111057,G922
111058,H659
111059,H738
111060,H739
111061,H766
111062,H856
111063,G287
111064,G383
111065,I166
111066,I402
111067,H974
111068,I182
111069,I271
111070,M209
111071,I294
111072,I428
111073,I570
111074,I582
111075,I615
111076,I624
111077,I647
111078,I667
111079,I668
111080,I705
111081,I706
111082,I707
111083,I724
111084,I734
111085,I735
111086,I765
111087,I797
111088,I995
111089,L154
111090,L337
111091,L463
111092,L473
111093,L512
111094,L513
111095,L613
111096,L924
111097,L966
111098,L968
111099,L992
111100,L986
111101,L987
111102,M278
111103,L998
111104,M016
111105,B738
111106,M025
111107,M026
